event_name,venue_name,latitude,longitude,date,source,genre,price,url,venue_id,event_id
Mods Mayday,Round Chapel,51.552749,-0.04993,2022-05-02,Ticketmaster,Rock,TBC,https://www.ticketweb.uk/event/mods-mayday-round-chapel-tickets/11770435?REFERRAL_ID=tmfeed,KovZ9177px0,G5dFZ975dZstp
PITBULL - Official Premium Ticket and Hotel Experiences,Hyde Park,51.507432,-0.165708,2026-07-10,Ticketmaster,Pop,TBC,https://easol.link/46mx,KovZ9177gxV,16djZbVF7G7ncoa
The Book Of Mormon,Prince of Wales Theatre,51.510009,-0.131809,2026-07-13,Ticketmaster,Theatre,TBC,https://theatre.ticketmaster.co.uk/book/1GZHW-the-book-of-mormon/#perf=1GZHW-16R&date=2026-07-13&time=7.30PM,KovZ9177OH0,17u8v0G65IKnhMU
Old Rope - Monday 13th July,The Comedy Store,51.50998051,-0.13233095,2026-07-13,Ticketmaster,Comedy,TBC,https://www.universe.com/events/old-rope-monday-13th-july-tickets-H0FBC2?ref=ticketmaster,KovZ91777y7,LvZ18QhkXwYcuI8ZHvd2k
The Mousetrap,St Martin's Theatre,51.512848,-0.127672,2026-07-13,Ticketmaster,Theatre,TBC,https://www.ticketmaster.co.uk/the-mousetrap-london-13-07-2026/event/Z3r9uZKbZL4Zef7CNZde,KovZ9177-37,Z3r9uZKbZL4Zef7CNZde
1536,Ambassadors Theatre,51.513006,-0.128026,2026-07-13,Ticketmaster,Theatre,TBC,https://www.ticketmaster.co.uk/1536-london-13-07-2026/event/Z3r9uZKbZL4Ze3bd5Zd1,KovZ9177xH7,Z3r9uZKbZL4Ze3bd5Zd1
Les Misérables,Sondheim Theatre,51.512116,-0.133106,2026-07-13,Ticketmaster,Theatre,TBC,https://www.ticketmaster.co.uk/les-miserables-london-13-07-2026/event/ZKr9uZKbZL4Zeo-b6ZeAN,KovZ9177OX7,ZKr9uZKbZL4Zeo-b6ZeAN
Beetlejuice,Prince Edward Theatre,51.513763,-0.130964,2026-07-13,Ticketmaster,Theatre,TBC,https://theatre.ticketmaster.co.uk/book/1HM82-beetlejuice/#perf=1HM82-1Q&date=2026-07-13&time=7.30PM,KovZ9177xp7,1AdfZbgGkBi4bej
Cyrano de Bergerac,Noel Coward Theatre,51.5142805,-0.1284654,2026-07-13,Ticketmaster,Theatre,TBC,https://theatre.ticketmaster.co.uk/book/1HUCK-cyrano-de-bergerac/#perf=1HUCK-X&date=2026-07-13&time=7.30PM,KovZ9177OEf,17u8v0G65rt6NOa
Mamma Mia!,Novello Theatre,51.511933,-0.119423,2026-07-13,Ticketmaster,Theatre,TBC,https://www.ticketmaster.co.uk/mamma-mia-london-13-07-2026/event/ZKr9uZKbZL4Ze3A4LZekG,KovZ9177-K0,ZKr9uZKbZL4Ze3A4LZekG
Disney's Hercules,Theatre Royal Drury Lane,51.513008,-0.120258,2026-07-13,Ticketmaster,Theatre,TBC,https://theatre.ticketmaster.co.uk/book/1GVLR-disneys-hercules/#perf=1GVLR-12Q&date=2026-07-13&time=7.30PM,KovZ9177Uaf,1AdjZbUGkzCVn63
The Boy Who Harnessed The Wind,sohoplace,51.515607,-0.130436,2026-07-13,Ticketmaster,Theatre,TBC,https://theatre.ticketmaster.co.uk/book/1HNA0-the-boy-who-harnessed-the-wind/#perf=1HNA0-2I&date=2026-07-13&time=7.30PM,KovZ9177-AV,1AgZkoaGkenf7-_
AVENUE Q,Shaftesbury Theatre,51.516285,-0.126119,2026-07-13,Ticketmaster,Theatre,TBC,https://theatre.ticketmaster.co.uk/book/1HMDJ-avenue-q/#perf=1HMDJ-3N&date=2026-07-13&time=7.30PM,KovZ9177Ut0,1AMZkuJGkegPgrS
The Devil Wears Prada,Dominion Theatre,51.516971,-0.129679,2026-07-13,Ticketmaster,Theatre,TBC,https://theatre.ticketmaster.co.uk/book/1FWNE-the-devil-wears-prada/#perf=1FWNE-19Z&date=2026-07-13&time=7.30PM,KovZ9177nE7,1AdbZbSGkDk2aab
Glengarry Glen Ross,The Old Vic,51.5019366,-0.1090443,2026-07-13,Ticketmaster,Theatre,TBC,https://www.ticketmaster.co.uk/glengarry-glen-ross-london-13-07-2026/event/Z3r9uZKbZL4Ze3x2dZeF,KovZ9177gVf,Z3r9uZKbZL4Ze3x2dZeF
Hamilton,Victoria Palace Theatre,51.497012,-0.142382,2026-07-13,Ticketmaster,Theatre,TBC,https://www.ticketmaster.co.uk/hamilton-london-13-07-2026/event/ZKr9uZKbZL4Ze3eNbZek0,KovZ9177-QV,ZKr9uZKbZL4Ze3eNbZek0
Heathers The Musical,The Arts at Marble Arch,51.51329,-0.159855,2026-07-13,Ticketmaster,Theatre,TBC,https://theatre.ticketmaster.co.uk/book/1J38C-heathers-the-musical/#perf=1J38C-6&amp;date=2026-07-13&amp;time=7.30PM?ref=tm_marketing_shell_event,KovZ9177H8V,17uYv0G6558r3-2
Relics,Lyric Theatre Hammersmith,51.492895,-0.226795,2026-07-13,Ticketmaster,Theatre,TBC,https://www.ticketmaster.co.uk/relics-london-13-07-2026/event/Zor9uZKbZL4Ze38NdZq,KovZ9177UoV,Zor9uZKbZL4Ze38NdZq
Abba Voyage - VIP Premium Package,ABBA Arena,51.53327366,-0.01362306,2026-07-13,Ticketmaster,Pop,TBC,https://theatre.ticketmaster.co.uk/book/1H8DJ-abba-voyage-admissions/#perf=1H8DJ-E9L&date=2026-07-13&time=7.45PM,KovZ9177E07,15dfZ_djU8t4o
The Truth,Apollo Theatre,51.511248,-0.133935,2026-07-13,Ticketmaster,Theatre,TBC,https://www.ticketmaster.co.uk/the-truth-london-13-07-2026/event/Z3r9uZKbZL4Ze3OppZe7,KovZ9177Eif,Z3r9uZKbZL4Ze3OppZe7
Sirens: The Concert Series,Emerald Theatre,51.5099107,-0.11828309,2026-07-13,Ticketmaster,N/A,TBC,https://www.universe.com/events/sirens-the-concert-series-tickets-NVK7FD?ref=ticketmaster,KovZ9177-WV,LvZ18QxZtAWm6bZZvEK-3
"Oh, Mary!",Trafalgar Theatre,51.5048,-0.12651,2026-07-13,Ticketmaster,Theatre,TBC,https://www.ticketmaster.co.uk/oh-mary-london-13-07-2026/event/Z3r9uZKbZL4Ze33ONZFv,KovZ9177V_V,Z3r9uZKbZL4Ze33ONZFv
Phantom of the Opera,His Majesty's Theatre,51.508133,-0.132044,2026-07-13,Ticketmaster,Theatre,TBC,https://theatre.ticketmaster.co.uk/book/1FU7R-the-phantom-of-the-opera/#perf=1FU7R-336&date=2026-07-13&time=7.30PM,KovZ9177gO0,1AMZkGUGkdDZntu
Moulin Rouge! The Musical,Piccadilly Theatre,51.5110543,-0.1353998,2026-07-13,Ticketmaster,Theatre,TBC,https://www.ticketmaster.co.uk/moulin-rouge-the-musical-london-13-07-2026/event/ZKr9uZKbZL4ZeCOjfZk70,KovZ9177Urf,ZKr9uZKbZL4ZeCOjfZk70
Lifehouse - Best of Acoustic,O2 Shepherds Bush Empire,51.503525,-0.224435,2026-07-13,Ticketmaster,Rock,TBC,https://www.ticketmaster.co.uk/lifehouse-best-of-acoustic-london-13-07-2026/event/3E0064A5B8A83F3E,KovZ9177AO7,G5dzZ_1pzndHX
Sea Life London - Standard Entry,County Hall,51.50282,-0.119252,2026-07-13,Ticketmaster,Family,TBC,https://attractions.ticketmaster.co.uk/book/1J4YU-TICKETMASTER/#date=2026-07-13,KovZpZAnFkkA,G5vHZ_GiVVh6B
London Eye - Standard Experience,The London Eye,51.500992,-0.11735,2026-07-13,Ticketmaster,Family,TBC,https://attractions.ticketmaster.co.uk/book/1J5L6-TICKETMASTER/#date=2026-07-13,KovZ9177wO7,17uOv0G6CLCzfei
Cabaret,Playhouse Theatre,51.506975,-0.123719,2026-07-13,Ticketmaster,Theatre,TBC,https://www.ticketmaster.co.uk/cabaret-london-13-07-2026/event/ZKr9uZKbZL4Ze310LZeeL,KovZ9177gz7,ZKr9uZKbZL4Ze310LZeeL
Twist Museum - London's Home of Illusions PEAK,Twist Museum,51.51539505,-0.14319582,2026-07-13,Ticketmaster,Family,TBC,https://www.universe.com/events/twist-museum-londons-home-of-illusions-peak-tickets-DHN4JT?ref=ticketmaster,KovZ9177BiV,LvZ18Q_xoFLXWVOZvDG91
FRAMELESS 2026,Marble Arch Place,51.51366919,-0.15964317,2026-07-13,Ticketmaster,Undefined,TBC,https://www.universe.com/events/frameless-2026-tickets-Q8YGSX?ref=ticketmaster,KovZ9177JdV,LvZ18Q3v-ymmrPOZvNUFF
Madame Tussauds London - Standard Entry,Madame Tussauds London,51.52248,-0.15526,2026-07-13,Ticketmaster,Family,TBC,https://attractions.ticketmaster.co.uk/book/1J3Z8-TICKETMASTER/#date=2026-07-13,KovZ9177YW0,17uOv0G6GE5JPDy
Ramses and the Pharaoh’s Gold: The Exhibition,Neon at Battersea Power Station,51.48187751,-0.14214313,2026-07-13,Ticketmaster,Family,TBC,https://www.universe.com/events/ramses-and-the-pharaoh-s-gold-the-exhibition-tickets-V64RDY?ref=ticketmaster,KovZ9177NOV,LvZ18QxP76B8G3ZZvHjAR
Chessington World of Adventures - 1 Day Entry,Chessington World of Adventures,51.35503,-0.31189,2026-07-13,Ticketmaster,Family,TBC,https://attractions.ticketmaster.co.uk/book/1H3H8-TICKETMASTER/#date=2026-07-13,KovZ9177w3V,17uOv0G65nnaety
Thorpe Park Resort - One Day Entry,Thorpe Park,51.40752,-0.50856,2026-07-13,Ticketmaster,Family,TBC,https://attractions.ticketmaster.co.uk/book/1FDAA-TICKETMASTER/#date=2026-07-13,KovZ9177w30,1AUZk8YGkdAeUi2
System Of A Down,Tottenham Hotspur Stadium,51.600819,-0.06787,2026-07-13,Ticketmaster,Metal,TBC,https://www.ticketmaster.co.uk/system-of-a-down-london-13-07-2026/event/350062D0E7007D07,KovZ9177OxV,17u8vxG6udEZ6V6
London Dungeon - Standard Entry,The London Dungeon,51.500992,-0.11735,2026-07-13,Ticketmaster,Family,TBC,https://attractions.ticketmaster.co.uk/book/1J544-TICKETMASTER/#date=2026-07-13,KovZ9177wuf,17uOv0G6uh2I_dV
Steatopygous,New Cross Inn,51.475524,-0.03838,2026-07-13,Ticketmaster,N/A,TBC,https://www.universe.com/events/steatopygous-tickets-VJ7DR0?ref=ticketmaster,KovZpZAt6AEA,LvZ18QOpPX_wT48ZzCwOa
Strangers In The City x Windrush 1027 Rum | Cocktail Masterclass,Soul Mama Islington,51.534184,-0.106126,2026-07-13,Ticketmaster,N/A,TBC,https://www.universe.com/events/strangers-in-the-city-x-windrush-1027-rum-cocktail-masterclass-tickets-6F7HXQ?ref=ticketmaster,KovZ9177ga7,LvZ18QNPXpV2jmYZzJ96o
The Producers,Garrick Theatre,51.509954,-0.127819,2026-07-13,Ticketmaster,Theatre,TBC,https://theatre.ticketmaster.co.uk/book/1H2AJ-the-producers/#perf=1H2AJ-105&date=2026-07-13&time=7.00PM,KovZ9177g37,1AMZkufGkd1nb8y
Arcadia,Duke of Yorks Theatre,51.510174,-0.127522,2026-07-13,Ticketmaster,Theatre,TBC,https://www.ticketmaster.co.uk/arcadia-london-13-07-2026/event/Zor9uZKbZL4ZefdeAZh,KovZ9177gGV,Zor9uZKbZL4ZefdeAZh
To Kill A Mockingbird,Wyndham's Theatre,51.511067,-0.128249,2026-07-13,Ticketmaster,Theatre,TBC,https://theatre.ticketmaster.co.uk/book/1HV64-to-kill-a-mockingbird/#perf=1HV64-M&date=2026-07-13&time=7.00PM,KovZ9177-OV,17u8v0G65hW-EfS
Alewya,The Lower Third,51.515497,-0.129112,2026-07-13,Ticketmaster,R&B,TBC,https://www.ticketmaster.co.uk/alewya-london-13-07-2026/event/350064B6CF955065,KovZ9177PP7,17u8v0G65h2P4vP
The Oresteia,Bridge Theatre,51.4992073,-0.0880061,2026-07-13,Ticketmaster,Theatre,TBC,https://www.ticketmaster.co.uk/the-oresteia-london-13-07-2026/event/Z3r9uZKbZL4Ze3x2vZdr,KovZ9177Lr7,Z3r9uZKbZL4Ze3x2vZdr
Concert for Mental Health: Harry Mack,Jazz Cafe,51.53859,-0.143343,2026-07-13,Ticketmaster,Hip-Hop/Rap,TBC,https://www.universe.com/events/concert-for-mental-health-harry-mack-tickets-D67SNW?ref=ticketmaster,KovZpZAnaJaA,LvZ18QLwenLAlKZZ0A4vR
DARKSIDE (early show),EartH,51.551041,-0.075203,2026-07-13,Ticketmaster,Rock,TBC,https://www.universe.com/events/darkside-early-show-tickets-Q6LFHB?ref=ticketmaster,KovZ9177J_f,LvZ18Qj_yGr3TNZZ0YmId
Action! Presents: Garbage + Support,Roundhouse,51.543051,-0.151324,2026-07-14,Ticketmaster,Rock,TBC,https://www.ticketmaster.co.uk/action-presents-garbage-support-london-14-07-2026/event/1F006434DB6247D2,KovZpZAn6k6A,G5vHZ_dKhb0L3
Comedy in Your Eye - Stand up Comedy in Camden Town,Comedy In Your Eye,51.54102,-0.1415,2026-07-14,Ticketmaster,Theatre,TBC,https://www.universe.com/events/comedy-in-your-eye-stand-up-comedy-in-camden-town-tickets-N0JHM4?ref=ticketmaster,KovZ9177PZ7,LvZ18Q3hQxXpDVZZvPECo
Jon B. - Restaurant,Jazz Cafe,51.53859,-0.143343,2026-07-14,Ticketmaster,R&B,TBC,https://www.ticketweb.uk/event/jon-b-restaurant-jazz-cafe-tickets/14756213?REFERRAL_ID=tmfeed,KovZpZAnaJaA,1AwZko0Gkei8YYF
My Neighbour Totoro,Gillian Lynne Theatre,51.51429,-0.119645,2026-07-14,Ticketmaster,Theatre,TBC,https://theatre.ticketmaster.co.uk/book/1G7HA-my-neighbour-totoro/#perf=1G7HA-15J&date=2026-07-14&time=7.00PM,KovZ9177UbV,1adjZbgrpqUZd285
Carolesdaughter,The Lower Third,51.515497,-0.129112,2026-07-14,Ticketmaster,Rock,TBC,https://www.ticketmaster.co.uk/carolesdaughter-london-14-07-2026/event/350064B6F1DC6A0A,KovZ9177PP7,17u8v0G65hsMkI1
Stranger Things: The First Shadow,Phoenix Theatre,51.514387,-0.129497,2026-07-14,Ticketmaster,Theatre,TBC,https://theatre.ticketmaster.co.uk/book/1FHDY-stranger-things-the-first-shadow/#perf=1FHDY-20R&date=2026-07-14&time=7.00PM,KovZ9177UqV,17uYv0G65IC9g9T
Laura Benanti,Underbelly Boulevard,51.5126,-0.13409,2026-07-14,Ticketmaster,Theatre,TBC,https://theatre.ticketmaster.co.uk/book/1HX9G-laura-benanti-nobody-cares/#perf=1HX9G-2&date=2026-07-14&time=7.00PM,KovZ9177E-f,16gZk3bjKZACee2a
Citrus Sun,Soul Mama Islington,51.534184,-0.106126,2026-07-14,Ticketmaster,N/A,TBC,https://www.universe.com/events/citrus-sun-tickets-PJX14Q?ref=ticketmaster,KovZ9177ga7,LvZ18QrfN2PhbN8ZP4jEu
Oliver!,Gielgud Theatre,51.512019,-0.13324,2026-07-14,Ticketmaster,Theatre,TBC,https://theatre.ticketmaster.co.uk/book/1H4KN-oliver/#perf=1H4KN-157&date=2026-07-14&time=7.00PM,KovZ9177O-7,1ku8vNuNGA2wXxk
Soho Sports Night - World Cup Special,Jack Solomons Club,51.5111721,-0.1342534,2026-07-14,Ticketmaster,Jazz,TBC,https://www.universe.com/events/soho-sports-night-world-cup-special-tickets-5N3JTM?ref=ticketmaster,KovZ9177WFf,LvZ18Q0S-MEZFHmOXCdyO
Allegra,The Harold Pinter Theatre ,51.509326,-0.131851,2026-07-14,Ticketmaster,Theatre,TBC,https://www.ticketmaster.co.uk/allegra-london-14-07-2026/event/Zor9uZKbZL4Zef7CLZa,KovZ9177VOf,Zor9uZKbZL4Zef7CLZa
Psycho Mosher,New Cross Inn,51.475524,-0.03838,2026-07-14,Ticketmaster,Rock,TBC,https://www.universe.com/events/psycho-mosher-tickets-C9PRKL?ref=ticketmaster,KovZpZAt6AEA,LvZ18Qj_iw1XM5ZvO3zVR
World Cup 2026 Screening: Spain vs France WORLD CUP SEMI FINAL,Pop Brixton,51.46335,-0.112344,2026-07-14,Ticketmaster,N/A,TBC,https://www.universe.com/events/world-cup-2026-screening-spain-vs-france-world-cup-semi-final-tickets-7Z4QXB?ref=ticketmaster,KovZ9177f7f,LvZ18QPF1bs_TflUUa4xx
Sinatra the Musical,Aldwych Theatre,51.51312,-0.118841,2026-07-14,Ticketmaster,Theatre,TBC,https://theatre.ticketmaster.co.uk/book/1HU76-sinatra-the-musical/#perf=1HU76-16&date=2026-07-14&time=2.30PM,KovZ9177tx7,17uOv0G65L3JeF2
World Cup 2026: SEMI FINAL,Brixton Storeys,51.461845,-0.115021,2026-07-14,Ticketmaster,Soccer,TBC,https://www.universe.com/events/world-cup-2026-semi-final-tickets-KTP85M?ref=ticketmaster,KovZ9177Pj0,LvZ18QxdMeIxPpZZzYhnQ
Matilda The Musical,Cambridge Theatre,51.51351,-0.126407,2026-07-14,Ticketmaster,Theatre,TBC,https://theatre.ticketmaster.co.uk/book/1FY3Y-matilda-the-musical/#perf=1FY3Y-36M&date=2026-07-14&time=7.00PM,KovZ9177gdV,1AdjZbSGkD0annN
Dark of the Moon,Charing Cross Theatre,51.508087,-0.124122,2026-07-14,Ticketmaster,Theatre,TBC,https://www.ticketmaster.co.uk/dark-of-the-moon-london-14-07-2026/event/Z3r9uZKbZL4Ze3OLLZer,KovZ9177MV7,Z3r9uZKbZL4Ze3OLLZer
