event_name,date,start_datetime,end_datetime,venue_name,postalCode
Indie Fest,2026-09-04,2026-09-04 17:00:00+00:00,2026-09-04 00:00:00+00:00,O2 Academy Islington,N1 0PS
Trail West Fest 2026,2026-08-15,2026-08-15 13:00:00+00:00,2026-08-15 00:00:00+00:00,Galvanizers Yard SWG3 ,G3 8QG
Shred Fest @ Engine Rooms,2027-02-15,2027-02-15 19:00:00+00:00,2027-02-15 00:00:00+00:00,EngineRooms Southampton,SO151GZ
Country Fest - Country Anthems Live,2027-01-30,2027-01-30 18:00:00+00:00,2027-01-30 00:00:00+00:00,O2 Institute2 Birmingham,B5 6DY
Quest fest 2026,2026-10-10,2026-10-10 13:00:00+00:00,2026-10-10 22:00:00+00:00,KK's Steel Mill,WV2 4DU
Capital Death Fest,2026-11-21,2026-11-21 13:00:00+00:00,2026-11-21 17:00:00+00:00,New Cross Inn,SE14 6AS
Emo Fest - the Greatest Emo Tribute Night,2026-12-11,2026-12-11 18:00:00+00:00,2026-12-11 00:00:00+00:00,The Limelight 1,BT2 8HD
Manchester Psych Fest 2026 - O2 Ritz & O2 Apollo,2026-09-05,2026-09-05 11:00:00+00:00,2026-09-05 00:00:00+00:00,O2 Ritz Manchester,M1 5NQ
MOK Fest - Saturday Traditional Concert,2026-08-22,2026-08-22 17:30:00+00:00,2026-08-22 22:00:00+00:00,"Heritage Centre, Campbeltown",PA28 6JU
MOK Fest  - Dalriada Connections Concert,2026-08-23,2026-08-23 12:30:00+00:00,2026-08-23 16:30:00+00:00,"Heritage Centre, Campbeltown",PA28 6JU
MOK Fest - Kilkerran Survivors Night,2026-08-23,2026-08-23 18:30:00+00:00,2026-08-24 00:30:00+00:00,"Victoria Hall, Campbeltown",PA28 6EG
Smash The Fash Fest 2027,2027-02-26,2027-02-26 14:00:00+00:00,2027-02-26 18:00:00+00:00,Walthamstow Trades Hall,E17 4RQ
MOK Fest “Cadenhead’s Festival Ceilidh Night”,2026-08-21,2026-08-21 18:30:00+00:00,2026-08-21 22:00:00+00:00,"Victoria Hall, Campbeltown",PA28 6EG
MOK Fest - Beinn and Tuirc Festival Gaelic Night,2026-08-19,2026-08-19 18:00:00+00:00,2026-08-19 21:30:00+00:00,Argyll Arms Hotel,PA28 6AB
MOK Fest - Glen Scotia West Coast Rocks Concert,2026-08-22,2026-08-22 19:30:00+00:00,2026-08-23 00:00:00+00:00,"Victoria Hall, Campbeltown",PA28 6EG
Reading Festival 2026 - Friday,2026-08-28,2026-08-28 08:30:00+00:00,2026-08-28 00:00:00+00:00,Richfield Avenue,RG1 8EQ
Leeds Festival 2026 - Saturday,2026-08-29,2026-08-29 10:00:00+00:00,2026-08-29 00:00:00+00:00,Bramham Park,LS23 6ND
Latitude Festival 2026 - Saturday Day Ticket,2026-07-25,2026-07-25 09:00:00+00:00,2026-07-25 00:00:00+00:00,Henham Park,NR34 8AN
Mahrajan Festival,2026-08-01,2026-08-01 12:00:00+00:00,2026-08-01 00:00:00+00:00,Crystal Palace Bowl,SE19 2GA
Counterfeit Festival,2026-08-22,2026-08-22 17:00:00+00:00,2026-08-22 00:00:00+00:00,O2 Forum Kentish Town,NW5 1JY
Sandringham Heritage Live Festival - 5 Day Ticket,2026-08-19,2026-08-19 00:00:00+00:00,2026-08-19 00:00:00+00:00,Sandringham Estate,PE35 6EN
Leeds Festival 2026 - Friday,2026-08-28,2026-08-28 10:00:00+00:00,2026-08-28 00:00:00+00:00,Bramham Park,LS23 6ND
Reading Festival 2026 - Sunday,2026-08-30,2026-08-30 08:30:00+00:00,2026-08-30 00:00:00+00:00,Richfield Avenue,RG1 8EQ
Reading Festival 2026 - Saturday,2026-08-29,2026-08-29 08:30:00+00:00,2026-08-29 00:00:00+00:00,Richfield Avenue,RG1 8EQ
INDIEPALOOZA FESTIVAL,2026-07-31,2026-07-31 17:00:00+00:00,2026-07-31 22:00:00+00:00,KK's Steel Mill,WV2 4DU
Uprising Festival,2027-04-10,2027-04-10 11:30:00+00:00,2027-04-10 22:00:00+00:00,KK's Steel Mill,WV2 4DU
Re-Sound Festival,2026-07-25,2026-07-25 13:00:00+00:00,2026-07-25 00:00:00+00:00,The Brook,SO17 3SD
Rong Indoor Festival,2026-10-03,2026-10-03 13:00:00+00:00,2026-10-03 00:00:00+00:00,O2 Victoria Warehouse Manchester,M17 1AB
Neighbourhood Festival 2026,2026-10-17,2026-10-17 11:00:00+00:00,2026-10-17 00:00:00+00:00,Various Manchester Venues ,M2 5QR
Splendour Festival 2026 - Weekend Tickets,2026-07-18,2026-07-18 00:00:00+00:00,2026-07-18 00:00:00+00:00,Wollaton Park,NG8 2AE
Radar Festival 2026 - Weekend,2026-07-31,2026-07-31 00:00:00+00:00,2026-07-31 00:00:00+00:00,O2 Victoria Warehouse Manchester,M17 1AB
Leeds Festival 2026 - Sunday,2026-08-30,2026-08-30 10:00:00+00:00,2026-08-30 00:00:00+00:00,Bramham Park,LS23 6ND
Leeds Festival 2026 - Thursday,2026-08-27,2026-08-27 16:00:00+00:00,2026-08-27 00:00:00+00:00,Bramham Park,LS23 6ND
LIDO Festival - Maribou State,2026-08-31,2026-08-31 13:00:00+00:00,2026-08-31 00:00:00+00:00,Victoria Park London,E3 5TB
Belladrum Festival 2026 - Weekend Tickets,2026-07-30,2026-07-30 00:00:00+00:00,2026-07-30 00:00:00+00:00,Belladrum Estate,IV4 7BA
Downloaded - Download Festival tribute,2026-08-15,2026-08-15 17:00:00+00:00,2026-08-15 00:00:00+00:00,O2 Academy Leicester,LE1 7RH
Leeds Festival 2026 - Weekend,2026-08-27,2026-08-27 00:00:00+00:00,2026-08-27 00:00:00+00:00,Bramham Park,LS23 6ND
DAY FEVER FESTIVAL 2026,2026-08-29,2026-08-29 11:00:00+00:00,2026-08-29 00:00:00+00:00,The Arboretum,NG7 4HF
Evergrey,2026-11-25,2026-11-25 19:00:00+00:00,2026-11-25 00:00:00+00:00,The Brook,SO17 3SD
Evergrey,2026-12-01,2026-12-01 18:30:00+00:00,2026-12-01 00:00:00+00:00,G2,G2 3LW
Scarborough Punk Festival Weekend,2027-04-03,2027-04-03 00:00:00+00:00,2027-04-03 00:00:00+00:00,Scarborough Spa Grand Hall,YO11 2HD
The Great Escape Festival 2027,2027-05-12,2027-05-12 00:00:00+00:00,2027-05-12 00:00:00+00:00,Various Brighton Venues,BN1 1EE
Dot To Dot Festival,2027-05-29,2027-05-29 11:00:00+00:00,2027-05-29 00:00:00+00:00,O2 Academy Bristol,BS1 5NA
Discovery Festival 2027 - Friday,2027-06-11,2027-06-11 15:00:00+00:00,2027-06-11 00:00:00+00:00,Central Park Plymouth,PL2 3DF
Discovery Festival 2027 - Saturday,2027-06-12,2027-06-12 11:00:00+00:00,2027-06-12 00:00:00+00:00,Central Park Plymouth,PL2 3DF
Discovery Festival 2027 - Sunday,2027-06-13,2027-06-13 11:00:00+00:00,2027-06-13 00:00:00+00:00,Central Park Plymouth,PL2 3DF
4 Day Festival Pass,2027-06-24,2027-06-24 00:00:00+00:00,2027-06-24 00:00:00+00:00,Powderham Castle,EX6 8JQ
Re-Sound Festival,2026-07-25,2026-07-25 14:00:00+00:00,2026-07-25 22:00:00+00:00,The Brook,SO17 3SD
Discovery Festival 2027 - Friday,2027-07-23,2027-07-23 15:00:00+00:00,2027-07-23 00:00:00+00:00,SLESSOR GARDENS,DD1 1AR
Discovery Festival - Friday & Saturday,2027-07-23,2027-07-23 00:00:00+00:00,2027-07-23 00:00:00+00:00,SLESSOR GARDENS,DD1 1AR
Discovery Festival 2027 - Sunday,2027-08-08,2027-08-08 13:30:00+00:00,2027-08-08 00:00:00+00:00,Darlington Arena,DL2 1DL
Splendour Festival 2026 Sunday Day Tickets,2026-07-19,2026-07-19 10:30:00+00:00,2026-07-19 00:00:00+00:00,Wollaton Park,NG8 2AE
Efg Jazz Festival - Samara Joy,2026-11-22,2026-11-22 19:30:00+00:00,2026-11-22 00:00:00+00:00,Royal Festival Hall,SE1 8XX
Splendour Festival 2026 Saturday Day Tickets,2026-07-18,2026-07-18 10:30:00+00:00,2026-07-18 00:00:00+00:00,Wollaton Park,NG8 2AE
Latitude Festival 2026: Lanyard & Programme,2026-07-23,2026-07-23 00:00:00+00:00,2026-07-23 00:00:00+00:00,Henham Park,NR34 8AN
Latitude Festival 2026: Souvenir Ticket,2026-07-23,2026-07-23 00:00:00+00:00,2026-07-23 00:00:00+00:00,Henham Park,NR34 8AN
Belladrum Festival 2026 - Thursday Day Tickets,2026-07-30,2026-07-30 11:00:00+00:00,2026-07-30 00:00:00+00:00,Belladrum Estate,IV4 7BA
Belladrum Festival 2026 - Friday Day Tickets,2026-07-31,2026-07-31 11:00:00+00:00,2026-07-31 00:00:00+00:00,Belladrum Estate,IV4 7BA
Belladrum Festival 2026 - Saturday Day Tickets,2026-08-01,2026-08-01 11:00:00+00:00,2026-08-01 00:00:00+00:00,Belladrum Estate,IV4 7BA
Leeds Festival 2026 - Souvenir Ticket,2026-08-26,2026-08-26 00:00:00+00:00,2026-08-26 00:00:00+00:00,Bramham Park,LS23 6ND
Reading Festival 2026 - Weekend Camping,2026-08-27,2026-08-27 00:00:00+00:00,2026-08-27 00:00:00+00:00,Richfield Avenue,RG1 8EQ
Leeds Festival 2026 - Friday & Saturday,2026-08-28,2026-08-28 00:00:00+00:00,2026-08-28 00:00:00+00:00,Bramham Park,LS23 6ND
Leeds Festival 2026 - Saturday & Sunday,2026-08-29,2026-08-29 00:00:00+00:00,2026-08-29 00:00:00+00:00,Bramham Park,LS23 6ND
Back To The 90s Festival,2026-09-19,2026-09-19 18:00:00+00:00,2026-09-19 00:00:00+00:00,O2 Academy Bournemouth,BH1 4BH
Scarborough Jazz Festival 2026 Weekend,2026-09-25,2026-09-25 00:00:00+00:00,2026-09-25 00:00:00+00:00,Scarborough Spa Grand Hall,YO11 2HD
EMO FESTIVAL COMES TO OXFORD!,2026-12-04,2026-12-04 18:00:00+00:00,2026-12-04 00:00:00+00:00,O2 Academy Oxford,OX4 1UE
Scarborough Punk Festival - Saturday Day,2027-04-03,2027-04-03 11:30:00+00:00,2027-04-03 00:00:00+00:00,Scarborough Spa Grand Hall,YO11 2HD
Scarborough Punk Festival - Sunday Day,2027-04-04,2027-04-04 11:30:00+00:00,2027-04-04 00:00:00+00:00,Scarborough Spa Grand Hall,YO11 2HD
Latitude Festival 2026 - Sunday Day Ticket,2026-07-26,2026-07-26 09:00:00+00:00,2026-07-26 00:00:00+00:00,Henham Park,NR34 8AN
Discovery Festival 2027 - Friday & Sunday,2027-06-11,2027-06-11 00:00:00+00:00,2027-06-11 00:00:00+00:00,Central Park Plymouth,PL2 3DF
Discovery Festival 2027 - Friday & Saturday,2027-06-11,2027-06-11 00:00:00+00:00,2027-06-11 00:00:00+00:00,Central Park Plymouth,PL2 3DF
Discovery Festival 2027 - Saturday & Sunday,2027-06-12,2027-06-12 00:00:00+00:00,2027-06-12 00:00:00+00:00,Central Park Plymouth,PL2 3DF
Discovery Festival 2027 - Friday & Sunday,2027-07-23,2027-07-23 00:00:00+00:00,2027-07-23 00:00:00+00:00,SLESSOR GARDENS,DD1 1AR
Discovery Festival 2027 - Saturday & Sunday,2027-07-24,2027-07-24 00:00:00+00:00,2027-07-24 00:00:00+00:00,SLESSOR GARDENS,DD1 1AR
Discovery Festival 2027 - Saturday & Sunday,2027-08-07,2027-08-07 00:00:00+00:00,2027-08-07 00:00:00+00:00,Darlington Arena,DL2 1DL
Pitchfork Festival London: Tortoise,2026-11-04,2026-11-04 19:00:00+00:00,2026-11-04 22:45:00+00:00,Hackney Church ,E5 0PD
Hella Rock Festival,2026-09-05,2026-09-05 11:00:00+00:00,2026-09-06 01:00:00+00:00,hmv Empire,CV1 1LF
EVERGREY,2026-11-27,2026-11-27 18:00:00+00:00,2026-11-27 22:00:00+00:00,Underworld,NW1 0NE
Terminal V Festival 2027,2027-06-05,2027-06-05 11:00:00+00:00,2027-06-06 21:30:00+00:00,"Secret Location, Glasgow",XX0 0XX
Latitude Festival 2026 - Friday Day Ticket,2026-07-24,2026-07-24 09:00:00+00:00,2026-07-24 00:00:00+00:00,Henham Park,NR34 8AN
Belladrum Festival 2026 - Friday & Saturday Ticket,2026-07-31,2026-07-31 00:00:00+00:00,2026-07-31 00:00:00+00:00,Belladrum Estate,IV4 7BA
Leeds Festival 2026 - Weekend + Early Entry,2026-08-26,2026-08-26 00:00:00+00:00,2026-08-26 00:00:00+00:00,Bramham Park,LS23 6ND
Leeds Festival 2026 - Weekend - Arena Only,2026-08-28,2026-08-28 00:00:00+00:00,2026-08-28 00:00:00+00:00,Bramham Park,LS23 6ND
Reading Festival 2026 - Weekend Non-Camping,2026-08-28,2026-08-28 00:00:00+00:00,2026-08-28 00:00:00+00:00,Richfield Avenue,RG1 8EQ
East Midlands Gospel Music Festival 2026,2026-08-29,2026-08-29 14:00:00+00:00,2026-08-29 00:00:00+00:00,"Vaillant Live, Derby",DE11LA
Whitby 60s Festival - Friday Evening,2026-09-18,2026-09-18 17:30:00+00:00,2026-09-18 00:00:00+00:00,Whitby Pavilion Northern Lights Suite,YO21 3EN
Whitby 60s Festival - Full Weekend,2026-09-18,2026-09-18 00:00:00+00:00,2026-09-18 00:00:00+00:00,Whitby Pavilion Northern Lights Suite,YO21 3EN
The Big Indie Festival comes to Manchester!,2026-09-18,2026-09-18 18:00:00+00:00,2026-09-18 00:00:00+00:00,O2 Ritz Manchester,M1 5NQ
Whitby 60s Festival - Saturday Afternoon,2026-09-19,2026-09-19 11:00:00+00:00,2026-09-19 00:00:00+00:00,Whitby Pavilion Northern Lights Suite,YO21 3EN
Whitby 60s Festival - Sunday Evening,2026-09-20,2026-09-20 17:30:00+00:00,2026-09-20 00:00:00+00:00,Whitby Pavilion Northern Lights Suite,YO21 3EN
Scarborough Jazz Festival 2026 Friday Day,2026-09-25,2026-09-25 10:30:00+00:00,2026-09-25 00:00:00+00:00,Scarborough Spa Grand Hall,YO11 2HD
Scarborough Jazz Festival 2026 Saturday Day,2026-09-26,2026-09-26 10:30:00+00:00,2026-09-26 00:00:00+00:00,Scarborough Spa Grand Hall,YO11 2HD
Scarborough Jazz Festival 2026 Sunday Day,2026-09-27,2026-09-27 11:30:00+00:00,2026-09-27 00:00:00+00:00,Scarborough Spa Grand Hall,YO11 2HD
Lytham Festival 2027 - 5 Day Pass,2027-06-30,2027-06-30 00:00:00+00:00,2027-06-30 00:00:00+00:00,Lytham Green,FY8 5LB
Discovery Festival 2027 - 80s Calling!,2027-07-24,2027-07-24 11:00:00+00:00,2027-07-24 00:00:00+00:00,SLESSOR GARDENS,DD1 1AR
"Discovery Festival 2027 - Friday, Saturday & Sunday",2027-07-25,2027-07-25 11:00:00+00:00,2027-07-25 00:00:00+00:00,SLESSOR GARDENS,DD1 1AR
Discovery Festival 2027 - 80's Calling!,2027-08-07,2027-08-07 11:00:00+00:00,2027-08-07 00:00:00+00:00,Darlington Arena,DL2 1DL
Maid of Stone Festival 2026,2026-07-17,2026-07-17 12:00:00+00:00,2026-07-19 21:00:00+00:00,Mote Park,ME15 7SU
Solent Area Prog Festival - Saturday Tickets,2026-08-01,2026-08-01 12:30:00+00:00,2026-08-01 22:00:00+00:00,Southampton 1865,SO14 3AR
Solent Area Prog Festival - Weekend Tickets,2026-08-01,2026-08-01 12:30:00+00:00,2026-08-02 22:00:00+00:00,Southampton 1865,SO14 3AR
Solent Area Prog Festival - Sunday Tickets,2026-08-02,2026-08-02 12:30:00+00:00,2026-08-02 22:00:00+00:00,Southampton 1865,SO14 3AR
Motocultor Festival Across Europe Tour 2027,2027-01-13,2027-01-13 18:00:00+00:00,2027-01-13 23:00:00+00:00,KK's Steel Mill,WV2 4DU
Trentham Live 2026 - 4 Day Festival Pass,2026-08-20,2026-08-20 00:00:00+00:00,2026-08-20 00:00:00+00:00,The Trentham Estate,ST4 8JG
Reading Festival 2026 - Weekend + Early Entry Camping,2026-08-26,2026-08-26 00:00:00+00:00,2026-08-26 00:00:00+00:00,Richfield Avenue,RG1 8EQ
Reading Festival 2026 - Friday and Sunday Non-Camping,2026-08-28,2026-08-28 00:00:00+00:00,2026-08-28 00:00:00+00:00,Richfield Avenue,RG1 8EQ
Reading Festival 2026 - Friday and Saturday Non-Camping,2026-08-28,2026-08-28 00:00:00+00:00,2026-08-28 00:00:00+00:00,Richfield Avenue,RG1 8EQ
Reading Festival 2026 - Saturday and Sunday Non-Camping,2026-08-29,2026-08-29 00:00:00+00:00,2026-08-29 00:00:00+00:00,Richfield Avenue,RG1 8EQ
Scarborough Jazz Festival 2026 Fri Session 2,2026-09-25,2026-09-25 17:00:00+00:00,2026-09-25 00:00:00+00:00,Scarborough Spa Grand Hall,YO11 2HD
Scarborough Jazz Festival 2026 Fri Session 1,2026-09-25,2026-09-25 10:30:00+00:00,2026-09-25 00:00:00+00:00,Scarborough Spa Grand Hall,YO11 2HD
Scarborough Jazz Festival 2026 Sat Session 2,2026-09-26,2026-09-26 17:00:00+00:00,2026-09-26 00:00:00+00:00,Scarborough Spa Grand Hall,YO11 2HD
Scarborough Jazz Festival 2026 Sat Session 1,2026-09-26,2026-09-26 10:30:00+00:00,2026-09-26 00:00:00+00:00,Scarborough Spa Grand Hall,YO11 2HD
Scarborough Jazz Festival 2026 Sun Session 1,2026-09-27,2026-09-27 11:30:00+00:00,2026-09-27 00:00:00+00:00,Scarborough Spa Grand Hall,YO11 2HD
Scarborough Jazz Festival 2026 Sun Session 2,2026-09-27,2026-09-27 18:00:00+00:00,2026-09-27 00:00:00+00:00,Scarborough Spa Grand Hall,YO11 2HD
Whitby Blues Rhythm and Rock Festival Weekend,2026-11-06,2026-11-06 00:00:00+00:00,2026-11-06 00:00:00+00:00,Whitby Pavilion Northern Lights Suite,YO21 3EN
Whitby Blues Rhythm and Rock Festival (Saturday),2026-11-07,2026-11-07 14:00:00+00:00,2026-11-07 00:00:00+00:00,Whitby Pavilion Northern Lights Suite,YO21 3EN
Whitby Blues Rhythm and Rock Festival (Sunday),2026-11-08,2026-11-08 14:00:00+00:00,2026-11-08 00:00:00+00:00,Whitby Pavilion Northern Lights Suite,YO21 3EN
Isle of Wight Festival 2027 - Weekend Ticket,2027-06-17,2027-06-17 00:00:00+00:00,2027-06-17 00:00:00+00:00,Isle of Wight Festival,PO30 2QS
Lytham Festival 2027 - 5 Day Pass - Transport,2027-06-30,2027-06-30 00:00:00+00:00,2027-06-30 00:00:00+00:00,Lytham Green,FY8 5LB
RNB MANIA | Bristol's R&B Festival,2026-08-08,2026-08-08 14:00:00+00:00,2026-08-08 20:00:00+00:00,Electric Bristol,BS12JY
Cafe Mambo Ibiza In The Park Festival Reading,2026-08-15,2026-08-15 11:00:00+00:00,2026-08-16 21:30:00+00:00,Prospect Park Reading,RG30 2ND
TowerRok Festival - Cannock 2026 - Featuring TOSELAND,2026-09-19,2026-09-19 13:00:00+00:00,2026-09-19 22:30:00+00:00,The Station,WS11 1WS
RNB MANIA | Newcastle's R&B Festival,2026-09-26,2026-09-26 14:00:00+00:00,2026-09-26 20:00:00+00:00,NX,NE1 1SW
The Great Escape Festival 2027 - Delegate Pass,2027-05-12,2027-05-12 15:00:00+00:00,2027-05-15 18:00:00+00:00,Various Brighton Venues,BN1 1EE
Inbetween Days: A New All Day Indoor Festival,2027-01-08,2027-01-08 15:00:00+00:00,2027-01-08 23:00:00+00:00,Electric Ballroom Camden,NW1 8QP
"Leeds Blues, Rhythm & Rock Festival 2027",2027-02-28,2027-02-28 14:00:00+00:00,2027-02-28 23:00:00+00:00,Brudenell Social Club,LS6 1NY
Audi Presents Wilderness Festival 2026 - 2 Day Event (Fri/Sat),2026-07-31,2026-07-31 00:00:00+00:00,2026-07-31 00:00:00+00:00,Cornbury Park,OX7 3EH
Audi Presents Wilderness Festival 2026 - 2 Day Event (Sat/Sun),2026-08-01,2026-08-01 00:00:00+00:00,2026-08-01 00:00:00+00:00,Cornbury Park,OX7 3EH
"Glasgow Blues Rhythm & Rock Festival Feat Willie & the Bandits, Demi M",2026-11-15,2026-11-15 14:00:00+00:00,2026-11-15 00:00:00+00:00,Oran Mor,G12 8QX
Smoke and Fire Festival Maldon 2026: The 10th Anniversary Edition,2026-08-15,2026-08-15 10:00:00+00:00,2026-08-16 17:30:00+00:00,"Promenade Park, Maldon",CM9 5JQ
Blackburn King George's Hall - Indiepalooza - the UK's BEST Indie Festival,2027-02-13,2027-02-13 18:00:00+00:00,2027-02-13 23:00:00+00:00,King George's Hall,BB2 1AA
"Funky Dory Festival 7.0 | Soul, Disco, Soulful House & Party Classics",2026-08-15,2026-08-15 11:00:00+00:00,2026-08-15 21:00:00+00:00,Ashfields Carriage & Polo Club,CM61JU
Rewind South 2026 - Whopper Campervan/Caravan Tickets,2026-08-21,2026-08-21 00:00:00+00:00,2026-08-21 00:00:00+00:00,Temple Island Meadows,RG9 3DB
Rewind South 2026 - Standard Campervan/Caravan Tickets,2026-08-21,2026-08-21 00:00:00+00:00,2026-08-21 00:00:00+00:00,Temple Island Meadows,RG9 3DB
Rewind South 2026 - Power Hook-Up For Caravans & Campervans,2026-08-21,2026-08-21 00:00:00+00:00,2026-08-21 00:00:00+00:00,Temple Island Meadows,RG9 3DB
ChippStock 2027,2027-05-30,2027-05-30 11:30:00+00:00,2027-05-30 20:30:00+00:00,Blackwells Chipperfield,WD4 9BS
Audi presents Wilderness 2026 - PayPal+ presents The Reset Lounge,2026-07-30,2026-07-30 00:00:00+00:00,2026-07-30 00:00:00+00:00,Cornbury Park,OX7 3EH
Audi presents Wilderness Boutique 2026 -Tenthouse (en-suite) for 4,2026-07-30,2026-07-30 00:00:00+00:00,2026-07-30 00:00:00+00:00,Cornbury Park,OX7 3EH
Audi presents Wilderness Boutique 2026 - Cabin for 4,2026-07-30,2026-07-30 00:00:00+00:00,2026-07-30 00:00:00+00:00,Cornbury Park,OX7 3EH
Audi presents Wilderness Boutique 2026 - Cabin for 2,2026-07-30,2026-07-30 00:00:00+00:00,2026-07-30 00:00:00+00:00,Cornbury Park,OX7 3EH
Audi presents Wilderness Boutique 2026 - Park & Pitch,2026-07-30,2026-07-30 00:00:00+00:00,2026-07-30 00:00:00+00:00,Cornbury Park,OX7 3EH
Audi presents Wilderness Boutique 2026 - Luxury Willow Yurt for 2,2026-07-30,2026-07-30 00:00:00+00:00,2026-07-30 00:00:00+00:00,Cornbury Park,OX7 3EH
Audi presents Wilderness Boutique 2026 - Eco Lodge (en-suite) for 2,2026-07-30,2026-07-30 00:00:00+00:00,2026-07-30 00:00:00+00:00,Cornbury Park,OX7 3EH
Audi presents Wilderness Boutique 2026 - Luxury Emperor Bell for 2,2026-07-30,2026-07-30 00:00:00+00:00,2026-07-30 00:00:00+00:00,Cornbury Park,OX7 3EH
"Audi presents Wilderness Boutique 2026 - Classic Bell for 2, 3, 4",2026-07-30,2026-07-30 00:00:00+00:00,2026-07-30 00:00:00+00:00,Cornbury Park,OX7 3EH
Audi presents Wilderness Boutique 2026 - Lotus Mahal for 8 or 10,2026-07-30,2026-07-30 00:00:00+00:00,2026-07-30 00:00:00+00:00,Cornbury Park,OX7 3EH
Audi Presents Wilderness Boutique 2026 - Safari Grand En-Suite for 4,2026-07-30,2026-07-30 00:00:00+00:00,2026-07-30 00:00:00+00:00,Cornbury Park,OX7 3EH
Audi presents Wilderness Boutique 2026 - Safari Suite (En-suite),2026-07-30,2026-07-30 00:00:00+00:00,2026-07-30 00:00:00+00:00,Cornbury Park,OX7 3EH
"Audi presents Wilderness Boutique 2026 - Airstream for 2, 4 or 5",2026-07-30,2026-07-30 00:00:00+00:00,2026-07-30 00:00:00+00:00,Cornbury Park,OX7 3EH
Audi presents Wilderness Boutique 2026 - Luxury Yurt for 2,2026-07-30,2026-07-30 00:00:00+00:00,2026-07-30 00:00:00+00:00,Cornbury Park,OX7 3EH
Audi presents Wilderness Boutique 2026 - Summerhouse (en-suite) for 2,2026-07-30,2026-07-30 00:00:00+00:00,2026-07-30 00:00:00+00:00,Cornbury Park,OX7 3EH
Audi presents Wilderness Boutique 2026 - The Night Owl(en-suite) for 2,2026-07-30,2026-07-30 00:00:00+00:00,2026-07-30 00:00:00+00:00,Cornbury Park,OX7 3EH
"Audi presents Wilderness Boutique 2026 - Arena Bell for 2, 3 or 4",2026-07-30,2026-07-30 00:00:00+00:00,2026-07-30 00:00:00+00:00,Cornbury Park,OX7 3EH
"Audi presents Wilderness Boutique 2026 - Meadow Tent for 3, 5 or 8",2026-07-30,2026-07-30 00:00:00+00:00,2026-07-30 00:00:00+00:00,Cornbury Park,OX7 3EH
"Audi presents Wilderness Boutique 2026 - Meadow Hut for 2, 3 or 4",2026-07-30,2026-07-30 00:00:00+00:00,2026-07-30 00:00:00+00:00,Cornbury Park,OX7 3EH
Audi presents Wilderness Boutique 2026 - Luxury Cabin (en-suite) for 2,2026-07-30,2026-07-30 00:00:00+00:00,2026-07-30 00:00:00+00:00,Cornbury Park,OX7 3EH
Audi presents Wilderness Boutique 2026 -Tipi Lodge for 2,2026-07-30,2026-07-30 00:00:00+00:00,2026-07-30 00:00:00+00:00,Cornbury Park,OX7 3EH
Audi presents Wilderness Boutique 2026 -Tipi Tenthouse(en-suite) for 8,2026-07-30,2026-07-30 00:00:00+00:00,2026-07-30 00:00:00+00:00,Cornbury Park,OX7 3EH
Audi presents Wilderness Boutique 2026 - Deluxe Canvas Yurt for 2 or 4,2026-07-30,2026-07-30 00:00:00+00:00,2026-07-30 00:00:00+00:00,Cornbury Park,OX7 3EH
"Audi Presents Wilderness Boutique 2026 - Bell House for 2, 3 or 4",2026-07-30,2026-07-30 00:00:00+00:00,2026-07-30 00:00:00+00:00,Cornbury Park,OX7 3EH
"Audi presents Wilderness Boutique 2026 - Luxury Bell for 2, 3 or 4",2026-07-30,2026-07-30 00:00:00+00:00,2026-07-30 00:00:00+00:00,Cornbury Park,OX7 3EH
Audi Presents Wilderness Boutique 2026 - Country Wagon for 2 or 4,2026-07-30,2026-07-30 00:00:00+00:00,2026-07-30 00:00:00+00:00,Cornbury Park,OX7 3EH
Audi presents Wilderness Boutique 2026 - Luxury Hazel Yurt for 2 or 4,2026-07-30,2026-07-30 00:00:00+00:00,2026-07-30 00:00:00+00:00,Cornbury Park,OX7 3EH
Audi presents Wilderness Boutique 2026 - Luxury Tipi for 2 or 4,2026-07-30,2026-07-30 00:00:00+00:00,2026-07-30 00:00:00+00:00,Cornbury Park,OX7 3EH
Bridges For Music X Audi Presents Wilderness: Pedal With Purpose,2026-07-30,2026-07-30 00:00:00+00:00,2026-07-30 00:00:00+00:00,Cornbury Park,OX7 3EH
Audi Presents Wilderness 2026 - Friday Day,2026-07-31,2026-07-31 11:00:00+00:00,2026-07-31 00:00:00+00:00,Cornbury Park,OX7 3EH
Audi Presents Wilderness 2026 - Saturday Day,2026-08-01,2026-08-01 11:00:00+00:00,2026-08-01 00:00:00+00:00,Cornbury Park,OX7 3EH
Audi Presents Wilderness 2026 - Sunday Day,2026-08-02,2026-08-02 11:00:00+00:00,2026-08-02 00:00:00+00:00,Cornbury Park,OX7 3EH
Tomorrows Ghosts Festival: 2026 Halloween Gathering - Weekend Ticket,2026-10-30,2026-10-30 00:00:00+00:00,2026-10-30 00:00:00+00:00,Whitby Pavilion Northern Lights Suite,YO21 3EN
Tomorrow's Ghosts Festival: 2026 Halloween Gathering - Friday Ticket,2026-10-30,2026-10-30 19:00:00+00:00,2026-10-30 00:00:00+00:00,Whitby Pavilion Northern Lights Suite,YO21 3EN
Tomorrows Ghosts Festival: 2026 Halloween Gathering - Saturday Ticket,2026-10-31,2026-10-31 19:00:00+00:00,2026-10-31 00:00:00+00:00,Whitby Pavilion Northern Lights Suite,YO21 3EN
Dementia Aware Festivities Coventry 2026,2026-12-19,2026-12-19 15:00:00+00:00,2026-12-19 23:30:00+00:00,The Arches,CV1 3JQ
State Fayre 2027 - Campervan Pass,2027-06-17,2027-06-17 00:00:00+00:00,2027-06-17 00:00:00+00:00,Hylands Park Chelmsford,CM2 8WQ
State Fayre 2027 Souvenir Ticket,2027-06-17,2027-06-17 00:00:00+00:00,2027-06-17 00:00:00+00:00,Hylands Park Chelmsford,CM2 8WQ
State Fayre 2027 - Weekend Non-Camping,2027-06-18,2027-06-18 00:00:00+00:00,2027-06-18 00:00:00+00:00,Hylands Park Chelmsford,CM2 8WQ
Download 2027 - 5/3 Night Mini Moshers,2027-06-09,2027-06-09 00:00:00+00:00,2027-06-09 00:00:00+00:00,Donington Park,DE74 2RP
Download 2027 - 5/3 Night Campervan/Caravan,2027-06-09,2027-06-09 00:00:00+00:00,2027-06-09 00:00:00+00:00,Donington Park,DE74 2RP
Download 2027 - Charge Candy,2027-06-09,2027-06-09 00:00:00+00:00,2027-06-09 00:00:00+00:00,Donington Park,DE74 2RP
Download 2027 - Souvenir,2027-06-09,2027-06-09 00:00:00+00:00,2027-06-09 00:00:00+00:00,Donington Park,DE74 2RP
"Download 2027 - RIP Airstream for 2,4 or 5(en-suite) in Metal Meadow 1",2027-06-09,2027-06-09 00:00:00+00:00,2027-06-09 00:00:00+00:00,Donington Park,DE74 2RP
Download 2027 - RIP Bedouin for 2 or 4 in Metal Meadow 1,2027-06-09,2027-06-09 00:00:00+00:00,2027-06-09 00:00:00+00:00,Donington Park,DE74 2RP
Download 2027 - RIP Classic Safari for 2-8 in Metal Meadow 1,2027-06-09,2027-06-09 00:00:00+00:00,2027-06-09 00:00:00+00:00,Donington Park,DE74 2RP
Download 2027 - Rock Retreat at Melbourne Hall,2027-06-09,2027-06-09 00:00:00+00:00,2027-06-09 00:00:00+00:00,Donington Park,DE74 2RP
Download 2027 - Motorbike Park Pass,2027-06-09,2027-06-09 00:00:00+00:00,2027-06-09 00:00:00+00:00,Donington Park,DE74 2RP
Download 2027 - RIP Luxury Yurt for 2 in Metal Meadow 2,2027-06-09,2027-06-09 00:00:00+00:00,2027-06-09 00:00:00+00:00,Donington Park,DE74 2RP
Download 2027 - RIP Tipi Lodge for 2 in Metal Meadow 2,2027-06-09,2027-06-09 00:00:00+00:00,2027-06-09 00:00:00+00:00,Donington Park,DE74 2RP
"Download 2027 - RIP Luxury Bell for 2, 3 or 4 in Metal Meadow 2",2027-06-09,2027-06-09 00:00:00+00:00,2027-06-09 00:00:00+00:00,Donington Park,DE74 2RP
Download 2027 - RIP (LITE) Classic Yurt for 2 in Thunder Valley,2027-06-09,2027-06-09 00:00:00+00:00,2027-06-09 00:00:00+00:00,Donington Park,DE74 2RP
Download 2027 - RIP Luxury Tipi for 2 or 4 in Metal Meadow 2,2027-06-09,2027-06-09 00:00:00+00:00,2027-06-09 00:00:00+00:00,Donington Park,DE74 2RP
Download 2027 - Deluxe Canvas Yurt for 2 or 4 in Metal Meadow 2,2027-06-09,2027-06-09 00:00:00+00:00,2027-06-09 00:00:00+00:00,Donington Park,DE74 2RP
Download 2027 - RIP Shikar Tent For 4 in Metal Meadow 1,2027-06-09,2027-06-09 00:00:00+00:00,2027-06-09 00:00:00+00:00,Donington Park,DE74 2RP
Download 2027 - RIP Luxury Emperor Bell for 2 in Metal Meadow 2,2027-06-09,2027-06-09 00:00:00+00:00,2027-06-09 00:00:00+00:00,Donington Park,DE74 2RP
Download 2027 - RIP Bell House for 2 or 4 in Metal Meadow 2,2027-06-09,2027-06-09 00:00:00+00:00,2027-06-09 00:00:00+00:00,Donington Park,DE74 2RP
Download 2027 - RIP (LITE) in Thunder Valley Ticket,2027-06-09,2027-06-09 00:00:00+00:00,2027-06-09 00:00:00+00:00,Donington Park,DE74 2RP
Download 2027 - Campervan Plus,2027-06-09,2027-06-09 00:00:00+00:00,2027-06-09 00:00:00+00:00,Donington Park,DE74 2RP
Download 2027 - RIP Bunk Cabin For 4 in Metal Meadow 1,2027-06-09,2027-06-09 00:00:00+00:00,2027-06-09 00:00:00+00:00,Donington Park,DE74 2RP
"Download 2027 - RIP Crew Hut for 2, 3 or 4 in Metal Meadow 1",2027-06-09,2027-06-09 00:00:00+00:00,2027-06-09 00:00:00+00:00,Donington Park,DE74 2RP
Download 2027 - RIP Classic Cabin for 2 in Metal Meadow 1,2027-06-09,2027-06-09 00:00:00+00:00,2027-06-09 00:00:00+00:00,Donington Park,DE74 2RP
Download 2027 - RIP Luxury Cabin For 2 (En-suite) in Metal Meadow 1,2027-06-09,2027-06-09 00:00:00+00:00,2027-06-09 00:00:00+00:00,Donington Park,DE74 2RP
"Download 2027 RIP (LITE) Classic Bell for 2, 3 or 4 in Thunder Valley",2027-06-09,2027-06-09 00:00:00+00:00,2027-06-09 00:00:00+00:00,Donington Park,DE74 2RP
"Download 2027 - RIP Deluxe Bell House for 2, 3 or 4 in Metal Meadow 2",2027-06-09,2027-06-09 00:00:00+00:00,2027-06-09 00:00:00+00:00,Donington Park,DE74 2RP
Download 2027 - RIP Country Wagon for 2 or 4 in Metal Meadow 2,2027-06-09,2027-06-09 00:00:00+00:00,2027-06-09 00:00:00+00:00,Donington Park,DE74 2RP
"Download 2027 - RIP Premium Bell For 2, 3 or 4 in Metal Meadow 1",2027-06-09,2027-06-09 00:00:00+00:00,2027-06-09 00:00:00+00:00,Donington Park,DE74 2RP
Download 2027 - RIP Mini Bedouin for 2 in Metal Meadow 1,2027-06-09,2027-06-09 00:00:00+00:00,2027-06-09 00:00:00+00:00,Donington Park,DE74 2RP
Download 2027 - Weekend Arena,2027-06-11,2027-06-11 00:00:00+00:00,2027-06-11 00:00:00+00:00,Donington Park,DE74 2RP
Latitude Luxury 2026 - Shikar Tent for 4,2026-07-23,2026-07-23 00:00:00+00:00,2026-07-23 00:00:00+00:00,Henham Park,NR34 8AN
Latitude Luxury 2026 - Summerhouse (En-Suite) for 2,2026-07-23,2026-07-23 00:00:00+00:00,2026-07-23 00:00:00+00:00,Henham Park,NR34 8AN
Latitude Luxury 2026 - the Night Owl (En-Suite) for 2,2026-07-23,2026-07-23 00:00:00+00:00,2026-07-23 00:00:00+00:00,Henham Park,NR34 8AN
Latitude Luxury 2026 - Cabin for 4,2026-07-23,2026-07-23 00:00:00+00:00,2026-07-23 00:00:00+00:00,Henham Park,NR34 8AN
"Latitude Luxury 2026 - Arena Bell for 2, 3, or 4",2026-07-23,2026-07-23 00:00:00+00:00,2026-07-23 00:00:00+00:00,Henham Park,NR34 8AN
Latitude Luxury 2026 - Cabin for 2,2026-07-23,2026-07-23 00:00:00+00:00,2026-07-23 00:00:00+00:00,Henham Park,NR34 8AN
Latitude Luxury 2026 - Luxury Cabin (En-Suite) for 2,2026-07-23,2026-07-23 00:00:00+00:00,2026-07-23 00:00:00+00:00,Henham Park,NR34 8AN
Latitude Luxury 2026 - Deluxe Bell for 2,2026-07-23,2026-07-23 00:00:00+00:00,2026-07-23 00:00:00+00:00,Henham Park,NR34 8AN
Latitude Luxury 2026 - Mini Bedouin,2026-07-23,2026-07-23 00:00:00+00:00,2026-07-23 00:00:00+00:00,Henham Park,NR34 8AN
Latitude Luxury 2026 - Country Wagon for 4,2026-07-23,2026-07-23 00:00:00+00:00,2026-07-23 00:00:00+00:00,Henham Park,NR34 8AN
"Latitude Luxury 2026 - Bell House for 2, 3, or 4",2026-07-23,2026-07-23 00:00:00+00:00,2026-07-23 00:00:00+00:00,Henham Park,NR34 8AN
Latitude Luxury 2026 - Motorhome Airstream (En-Suite) for 5,2026-07-23,2026-07-23 00:00:00+00:00,2026-07-23 00:00:00+00:00,Henham Park,NR34 8AN
"Latitude Luxury 2026 - Airstream (En-Suite) for 2, 4, or 5",2026-07-23,2026-07-23 00:00:00+00:00,2026-07-23 00:00:00+00:00,Henham Park,NR34 8AN
"Latitude Luxury 2026 - Luxury Bell Tent for 2, 3 or 4",2026-07-23,2026-07-23 00:00:00+00:00,2026-07-23 00:00:00+00:00,Henham Park,NR34 8AN
"Latitude Luxury 2026 - Safari Suite (En-Suite) for 2, 3 or 4",2026-07-23,2026-07-23 00:00:00+00:00,2026-07-23 00:00:00+00:00,Henham Park,NR34 8AN
Latitude Luxury 2026 - Empty Bell for up to 5 or 8,2026-07-23,2026-07-23 00:00:00+00:00,2026-07-23 00:00:00+00:00,Henham Park,NR34 8AN
Latitude Luxury 2026 - Luxury Yurt for 2,2026-07-23,2026-07-23 00:00:00+00:00,2026-07-23 00:00:00+00:00,Henham Park,NR34 8AN
Latitude Luxury 2026 - Tenthouse (En Suite) for 4,2026-07-23,2026-07-23 00:00:00+00:00,2026-07-23 00:00:00+00:00,Henham Park,NR34 8AN
"Latitude Luxury 2026 - Forest Luxury Bell Tent for 2, 3 or 4",2026-07-23,2026-07-23 00:00:00+00:00,2026-07-23 00:00:00+00:00,Henham Park,NR34 8AN
Latitude Luxury 2026 - Bedouin Tent for 2 or 4,2026-07-23,2026-07-23 00:00:00+00:00,2026-07-23 00:00:00+00:00,Henham Park,NR34 8AN
Latitude Luxury 2026 - Safari Grand (En-Suite) for 4,2026-07-23,2026-07-23 00:00:00+00:00,2026-07-23 00:00:00+00:00,Henham Park,NR34 8AN
Latitude Luxury 2026 - Bedouin Mirage for 4,2026-07-23,2026-07-23 00:00:00+00:00,2026-07-23 00:00:00+00:00,Henham Park,NR34 8AN
Latitude Luxury 2026 - Eco Lodge (En-Suite) for 2,2026-07-23,2026-07-23 00:00:00+00:00,2026-07-23 00:00:00+00:00,Henham Park,NR34 8AN
Latitude Luxury 2026 - RV for up to 4 or 8,2026-07-23,2026-07-23 00:00:00+00:00,2026-07-23 00:00:00+00:00,Henham Park,NR34 8AN
Latitude Luxury 2026 - Tipi Tenthouse (En Suite) for 8,2026-07-23,2026-07-23 00:00:00+00:00,2026-07-23 00:00:00+00:00,Henham Park,NR34 8AN
Latitude Luxury 2026 - Luxury Tipi for 2 or 4,2026-07-23,2026-07-23 00:00:00+00:00,2026-07-23 00:00:00+00:00,Henham Park,NR34 8AN
"Latitude Luxury 2026 - Tipi Lodge for 2, 3 or 4",2026-07-23,2026-07-23 00:00:00+00:00,2026-07-23 00:00:00+00:00,Henham Park,NR34 8AN
The Latitude Lounge 2026,2026-07-24,2026-07-24 00:00:00+00:00,2026-07-24 00:00:00+00:00,Henham Park,NR34 8AN
Soultasia,2026-08-14,2026-08-14 16:00:00+00:00,2026-08-14 00:00:00+00:00,Prospect Park Reading,RG30 2ND
January Blues: DR. FEELGOOD + EDDIE & THE HOT,2027-01-21,2027-01-21 19:00:00+00:00,2027-01-21 23:00:00+00:00,229,W1W 5PN
January Blues Festival: TEN YEARS AFTER,2027-01-22,2027-01-22 19:00:00+00:00,2027-01-22 23:00:00+00:00,229,W1W 5PN
Igorrr,2026-11-10,2026-11-10 18:30:00+00:00,2026-11-10 00:00:00+00:00,O2 Institute Birmingham,B5 6DY
Igorrr,2026-11-11,2026-11-11 18:30:00+00:00,2026-11-11 00:00:00+00:00,Galvanizers SWG3,G3 8QG
The Electric Swing Circus,2026-10-10,2026-10-10 18:00:00+00:00,2026-10-10 22:00:00+00:00,Platform,LA4 4DB
"Live Jazz from the Piano Bar at Red Room Studios, Soho",2026-07-16,2026-07-16 19:30:00+00:00,2026-07-16 21:00:00+00:00,Piano Bar Soho,W1D7NB
"Live Jazz from the Piano Bar at Red Room Studios, Soho",2026-07-16,2026-07-16 17:30:00+00:00,2026-07-16 19:30:00+00:00,Piano Bar Soho,W1D7NB
"Live Jazz from the Piano Bar at Red Room Studios, Soho",2026-07-17,2026-07-17 17:30:00+00:00,2026-07-17 19:30:00+00:00,Piano Bar Soho,W1D7NB
"Live Jazz from the Piano Bar at Red Room Studios, Soho",2026-07-17,2026-07-17 19:30:00+00:00,2026-07-17 21:00:00+00:00,Piano Bar Soho,W1D7NB
"Live Jazz from the Piano Bar at Red Room Studios, Soho",2026-07-23,2026-07-23 17:30:00+00:00,2026-07-23 19:30:00+00:00,Piano Bar Soho,W1D7NB
"Live Jazz from the Piano Bar at Red Room Studios, Soho",2026-07-23,2026-07-23 19:30:00+00:00,2026-07-23 21:00:00+00:00,Piano Bar Soho,W1D7NB
"Live Jazz from the Piano Bar at Red Room Studios, Soho",2026-07-24,2026-07-24 19:30:00+00:00,2026-07-24 21:00:00+00:00,Piano Bar Soho,W1D7NB
"Live Jazz from the Piano Bar at Red Room Studios, Soho",2026-07-24,2026-07-24 17:30:00+00:00,2026-07-24 19:30:00+00:00,Piano Bar Soho,W1D7NB
"Live Jazz from the Piano Bar at Red Room Studios, Soho",2026-07-29,2026-07-29 19:30:00+00:00,2026-07-29 21:00:00+00:00,Piano Bar Soho,W1D7NB
"Live Jazz from the Piano Bar at Red Room Studios, Soho",2026-07-29,2026-07-29 17:30:00+00:00,2026-07-29 19:30:00+00:00,Piano Bar Soho,W1D7NB
"Live Jazz from the Piano Bar at Red Room Studios, Soho",2026-07-30,2026-07-30 19:30:00+00:00,2026-07-30 21:00:00+00:00,Piano Bar Soho,W1D7NB
"Live Jazz from the Piano Bar at Red Room Studios, Soho",2026-07-30,2026-07-30 17:30:00+00:00,2026-07-30 19:30:00+00:00,Piano Bar Soho,W1D7NB
"Live Jazz from the Piano Bar at Red Room Studios, Soho",2026-07-31,2026-07-31 17:30:00+00:00,2026-07-31 19:30:00+00:00,Piano Bar Soho,W1D7NB
"Live Jazz from the Piano Bar at Red Room Studios, Soho",2026-07-31,2026-07-31 19:30:00+00:00,2026-07-31 21:00:00+00:00,Piano Bar Soho,W1D7NB
"Live Jazz from the Piano Bar at Red Room Studios, Soho",2026-08-05,2026-08-05 19:30:00+00:00,2026-08-05 21:00:00+00:00,Piano Bar Soho,W1D7NB
"Live Jazz from the Piano Bar at Red Room Studios, Soho",2026-08-05,2026-08-05 17:30:00+00:00,2026-08-05 19:30:00+00:00,Piano Bar Soho,W1D7NB
"Live Jazz from the Piano Bar at Red Room Studios, Soho",2026-08-06,2026-08-06 19:30:00+00:00,2026-08-06 21:00:00+00:00,Piano Bar Soho,W1D7NB
"Live Jazz from the Piano Bar at Red Room Studios, Soho",2026-08-06,2026-08-06 17:30:00+00:00,2026-08-06 19:30:00+00:00,Piano Bar Soho,W1D7NB
"Live Jazz from the Piano Bar at Red Room Studios, Soho",2026-08-07,2026-08-07 19:30:00+00:00,2026-08-07 21:00:00+00:00,Piano Bar Soho,W1D7NB
"Live Jazz from the Piano Bar at Red Room Studios, Soho",2026-08-07,2026-08-07 17:30:00+00:00,2026-08-07 19:30:00+00:00,Piano Bar Soho,W1D7NB
"Live Jazz from the Piano Bar at Red Room Studios, Soho",2026-08-12,2026-08-12 19:30:00+00:00,2026-08-12 21:00:00+00:00,Piano Bar Soho,W1D7NB
"Live Jazz from the Piano Bar at Red Room Studios, Soho",2026-08-12,2026-08-12 17:30:00+00:00,2026-08-12 19:30:00+00:00,Piano Bar Soho,W1D7NB
"Live Jazz from the Piano Bar at Red Room Studios, Soho",2026-08-13,2026-08-13 19:30:00+00:00,2026-08-13 21:00:00+00:00,Piano Bar Soho,W1D7NB
"Live Jazz from the Piano Bar at Red Room Studios, Soho",2026-08-13,2026-08-13 17:30:00+00:00,2026-08-13 19:30:00+00:00,Piano Bar Soho,W1D7NB
"Live Jazz from the Piano Bar at Red Room Studios, Soho",2026-08-14,2026-08-14 17:30:00+00:00,2026-08-14 19:30:00+00:00,Piano Bar Soho,W1D7NB
"Live Jazz from the Piano Bar at Red Room Studios, Soho",2026-08-14,2026-08-14 19:30:00+00:00,2026-08-14 21:00:00+00:00,Piano Bar Soho,W1D7NB
"Live Jazz from the Piano Bar at Red Room Studios, Soho",2026-08-19,2026-08-19 19:30:00+00:00,2026-08-19 21:00:00+00:00,Piano Bar Soho,W1D7NB
"Live Jazz from the Piano Bar at Red Room Studios, Soho",2026-08-19,2026-08-19 17:30:00+00:00,2026-08-19 19:30:00+00:00,Piano Bar Soho,W1D7NB
"Live Jazz from the Piano Bar at Red Room Studios, Soho",2026-08-20,2026-08-20 17:30:00+00:00,2026-08-20 19:30:00+00:00,Piano Bar Soho,W1D7NB
"Live Jazz from the Piano Bar at Red Room Studios, Soho",2026-08-20,2026-08-20 19:30:00+00:00,2026-08-20 21:00:00+00:00,Piano Bar Soho,W1D7NB
"Live Jazz from the Piano Bar at Red Room Studios, Soho",2026-08-21,2026-08-21 19:30:00+00:00,2026-08-21 21:00:00+00:00,Piano Bar Soho,W1D7NB
"Live Jazz from the Piano Bar at Red Room Studios, Soho",2026-08-21,2026-08-21 17:30:00+00:00,2026-08-21 19:30:00+00:00,Piano Bar Soho,W1D7NB
"Live Jazz from the Piano Bar at Red Room Studios, Soho",2026-08-26,2026-08-26 19:30:00+00:00,2026-08-26 21:00:00+00:00,Piano Bar Soho,W1D7NB
"Live Jazz from the Piano Bar at Red Room Studios, Soho",2026-08-26,2026-08-26 17:30:00+00:00,2026-08-26 19:30:00+00:00,Piano Bar Soho,W1D7NB
"Live Jazz from the Piano Bar at Red Room Studios, Soho",2026-08-27,2026-08-27 19:30:00+00:00,2026-08-27 21:00:00+00:00,Piano Bar Soho,W1D7NB
"Live Jazz from the Piano Bar at Red Room Studios, Soho",2026-08-27,2026-08-27 17:30:00+00:00,2026-08-27 19:30:00+00:00,Piano Bar Soho,W1D7NB
"Live Jazz from the Piano Bar at Red Room Studios, Soho",2026-08-28,2026-08-28 17:30:00+00:00,2026-08-28 19:30:00+00:00,Piano Bar Soho,W1D7NB
"Live Jazz from the Piano Bar at Red Room Studios, Soho",2026-08-28,2026-08-28 19:30:00+00:00,2026-08-28 21:00:00+00:00,Piano Bar Soho,W1D7NB
Soho Sports Night - World Cup Special,2026-07-14,2026-07-14 18:00:00+00:00,2026-07-14 22:00:00+00:00,Jack Solomons Club,W1D7NF
Soho Sports Night - World Cup Special,2026-07-15,2026-07-15 17:30:00+00:00,2026-07-15 21:30:00+00:00,Jack Solomons Club,W1D7NF
Round 41 - Live Jazz and Fusion Night,2026-07-16,2026-07-16 18:00:00+00:00,2026-07-16 21:15:00+00:00,Jack Solomons Club,W1D7NF
Soho Spotlight - Friday Live Performance,2026-07-17,2026-07-17 18:00:00+00:00,2026-07-17 21:15:00+00:00,Jack Solomons Club,W1D7NF
Soho Sports Night - World Cup Special,2026-07-19,2026-07-19 17:30:00+00:00,2026-07-19 21:30:00+00:00,Jack Solomons Club,W1D7NF
Round 41 - Live Jazz and Fusion Night,2026-07-23,2026-07-23 18:00:00+00:00,2026-07-23 21:15:00+00:00,Jack Solomons Club,W1D7NF
Soho Spotlight - Friday Live Performance,2026-07-24,2026-07-24 18:00:00+00:00,2026-07-24 21:15:00+00:00,Jack Solomons Club,W1D7NF
Round 41 - Live Jazz and Fusion Night,2026-07-30,2026-07-30 18:00:00+00:00,2026-07-30 21:15:00+00:00,Jack Solomons Club,W1D7NF
Soho Spotlight - Friday Live Performance,2026-07-31,2026-07-31 18:00:00+00:00,2026-07-31 21:15:00+00:00,Jack Solomons Club,W1D7NF
Round 41 - Live Jazz and Fusion Night,2026-08-06,2026-08-06 18:00:00+00:00,2026-08-06 21:15:00+00:00,Jack Solomons Club,W1D7NF
Soho Spotlight - Friday Live Performance,2026-08-07,2026-08-07 18:00:00+00:00,2026-08-07 21:15:00+00:00,Jack Solomons Club,W1D7NF
Round 41 - Live Jazz and Fusion Night,2026-08-13,2026-08-13 18:00:00+00:00,2026-08-13 21:15:00+00:00,Jack Solomons Club,W1D7NF
Soho Spotlight - Friday Live Performance,2026-08-14,2026-08-14 18:00:00+00:00,2026-08-14 21:15:00+00:00,Jack Solomons Club,W1D7NF
Round 41 - Live Jazz and Fusion Night,2026-08-20,2026-08-20 18:00:00+00:00,2026-08-20 21:15:00+00:00,Jack Solomons Club,W1D7NF
Soho Spotlight - Friday Live Performance,2026-08-21,2026-08-21 18:00:00+00:00,2026-08-21 21:15:00+00:00,Jack Solomons Club,W1D7NF
"Producers Playground: Live Jazzy House, Nu-Soul & Hip Hop",2026-08-26,2026-08-26 18:00:00+00:00,2026-08-26 21:15:00+00:00,Jack Solomons Club,W1D7NF
Round 41 - Live Jazz and Fusion Night,2026-08-27,2026-08-27 18:00:00+00:00,2026-08-27 21:15:00+00:00,Jack Solomons Club,W1D7NF
Soho Spotlight - Friday Live Performance,2026-08-28,2026-08-28 18:00:00+00:00,2026-08-28 21:15:00+00:00,Jack Solomons Club,W1D7NF
RADAR Festival: Saturday - Skindred + Northlane + Protest The Hero,2026-08-01,2026-08-01 11:00:00+00:00,2026-08-01 00:00:00+00:00,O2 Victoria Warehouse Manchester,M17 1AB
Rewind South 2026 - Sunday Tickets,2026-08-23,2026-08-23 11:00:00+00:00,2026-08-23 00:00:00+00:00,Temple Island Meadows,RG9 3DB
RADAR Festival: Sunday - Animals As Leaders + The Pineapple Thief,2026-08-02,2026-08-02 11:00:00+00:00,2026-08-02 00:00:00+00:00,O2 Victoria Warehouse Manchester,M17 1AB
Big City 2026,2026-08-29,2026-08-29 13:00:00+00:00,2026-08-29 00:00:00+00:00,Queen's Park Recreation Ground,G42 8QR
RADAR Festival: Friday - Thy Art Is Murder + Volumes + SikTh,2026-07-31,2026-07-31 11:00:00+00:00,2026-07-31 00:00:00+00:00,O2 Victoria Warehouse Manchester,M17 1AB
manifest,2026-10-16,2026-10-16 00:00:00+00:00,2026-10-16 00:00:00+00:00,OVO Arena Wembley,HA90AA
Bellowhead,2026-11-27,2026-11-27 19:00:00+00:00,2026-11-27 00:00:00+00:00,Royal Festival Hall,SE1 8XX
The Long Road 2026,2026-08-28,2026-08-28 10:00:00+00:00,2026-08-30 08:00:00+00:00,Stanford Hall,LE17 6DH
Freshfields - Downtown Weekend Pass,2026-08-27,2026-08-27 00:00:00+00:00,2026-08-27 00:00:00+00:00,Daresbury,WA4 5LP
Creamfields 2026 - Souvenir Ticket,2026-08-27,2026-08-27 00:00:00+00:00,2026-08-27 00:00:00+00:00,Daresbury,WA4 5LP
Creamfields 2026 - Lanyard Souvenir,2026-08-27,2026-08-27 00:00:00+00:00,2026-08-27 00:00:00+00:00,Daresbury,WA4 5LP
Freshfields - Arena Weekend Pass,2026-08-27,2026-08-27 00:00:00+00:00,2026-08-27 00:00:00+00:00,Daresbury,WA4 5LP
Freshfields - Arena Friday Pass,2026-08-28,2026-08-28 14:00:00+00:00,2026-08-28 00:00:00+00:00,Daresbury,WA4 5LP
Freshfields - Arena Saturday Pass,2026-08-29,2026-08-29 13:00:00+00:00,2026-08-29 00:00:00+00:00,Daresbury,WA4 5LP
Freshfields - Arena Sunday Pass,2026-08-30,2026-08-30 11:00:00+00:00,2026-08-30 00:00:00+00:00,Daresbury,WA4 5LP
Creamfields 2026 - Parking - Weekend Camping,2026-08-27,2026-08-27 00:00:00+00:00,2026-08-27 00:00:00+00:00,Daresbury,WA4 5LP
Freshfields - Downtown & Arena Weekend Pass,2026-08-27,2026-08-27 00:00:00+00:00,2026-08-27 00:00:00+00:00,Daresbury,WA4 5LP
Creamfields 2026 - Advance Hoodie 2026,2026-08-27,2026-08-27 00:00:00+00:00,2026-08-27 00:00:00+00:00,Daresbury,WA4 5LP
Creamfields 2026 - Parking - Non Camping,2026-08-28,2026-08-28 00:00:00+00:00,2026-08-28 00:00:00+00:00,Daresbury,WA4 5LP
Parklife 2027 - Weekend Backstage,2027-07-10,2027-07-10 00:00:00+00:00,2027-07-10 00:00:00+00:00,Heaton Park,M250EQ
Parklife 2027 - Weekend GA,2027-07-10,2027-07-10 00:00:00+00:00,2027-07-10 00:00:00+00:00,Heaton Park,M250EQ
Parklife 2027 - Weekend VIP,2027-07-10,2027-07-10 00:00:00+00:00,2027-07-10 00:00:00+00:00,Heaton Park,M250EQ
Michael Starring Ben,2027-03-27,2027-03-27 19:30:00+00:00,2027-03-27 00:00:00+00:00,Festival Theatre,WR14 3HB
Michael Starring Ben,2027-03-27,2027-03-27 14:30:00+00:00,2027-03-27 00:00:00+00:00,Festival Theatre,WR14 3HB
Dreamfields 2026 - Airstream - Full Price and Payment Plan,2026-08-27,2026-08-27 00:00:00+00:00,2026-08-27 00:00:00+00:00,Daresbury,WA4 5LP
Dreamfields 2026 - Luxury Tipi - Full Price and Payment Plan,2026-08-27,2026-08-27 00:00:00+00:00,2026-08-27 00:00:00+00:00,Daresbury,WA4 5LP
Dreamfields 2026 - Classic Bell - Full Price and Payment Plan,2026-08-27,2026-08-27 00:00:00+00:00,2026-08-27 00:00:00+00:00,Daresbury,WA4 5LP
Pre-Pitched Tents 2026 - Full Price and Payment Plan,2026-08-27,2026-08-27 00:00:00+00:00,2026-08-27 00:00:00+00:00,Daresbury,WA4 5LP
Dreamfields 2026 - Crew Hut - Full Price and Payment Plan,2026-08-27,2026-08-27 00:00:00+00:00,2026-08-27 00:00:00+00:00,Daresbury,WA4 5LP
Dreamfields 2026 - Luxury Bell - Full Price and Payment Plan,2026-08-27,2026-08-27 00:00:00+00:00,2026-08-27 00:00:00+00:00,Daresbury,WA4 5LP
Dreamfields 2026 - Bell House - Full Price and Payment Plan,2026-08-27,2026-08-27 00:00:00+00:00,2026-08-27 00:00:00+00:00,Daresbury,WA4 5LP
Breaking Borders 2026 - Souvenir Ticket,2026-09-02,2026-09-02 00:00:00+00:00,2026-09-02 00:00:00+00:00,"Various Venues, Malta",EC1M 4JN
The Yacht Rock Experience,2026-11-06,2026-11-06 19:30:00+00:00,2026-11-06 00:00:00+00:00,Festival Theatre,WR14 3HB
Chicane (Celebrating 30 Years of Chicane!),2026-08-22,2026-08-22 18:30:00+00:00,2026-08-22 00:00:00+00:00,Royal Festival Hall,SE1 8XX
Creamfields 2026 - Charge Candy - Weekend Package (4-day hire),2026-08-27,2026-08-27 00:00:00+00:00,2026-08-27 00:00:00+00:00,Daresbury,WA4 5LP
Dreamfields 2026 - Cabin for 2 - Full Price and Payment Plan,2026-08-27,2026-08-27 00:00:00+00:00,2026-08-27 00:00:00+00:00,Daresbury,WA4 5LP
Camp Bestival 2026 - Hospitality BYO,2026-07-30,2026-07-30 00:00:00+00:00,2026-07-30 00:00:00+00:00,Lulworth Castle,BH20 5QS
Camp Bestival 2026 - Backstage BYO,2026-07-30,2026-07-30 00:00:00+00:00,2026-07-30 00:00:00+00:00,Lulworth Castle,BH20 5QS
Camp Bestival 2026 - Live In Vehicles,2026-07-30,2026-07-30 00:00:00+00:00,2026-07-30 00:00:00+00:00,Lulworth Castle,BH20 5QS
Camp Bestival 2026 - Slomo Sanctuary,2026-07-30,2026-07-30 00:00:00+00:00,2026-07-30 00:00:00+00:00,Lulworth Castle,BH20 5QS
Camp Bestival 2026 - Camping Plus,2026-07-30,2026-07-30 00:00:00+00:00,2026-07-30 00:00:00+00:00,Lulworth Castle,BH20 5QS
Dreamfields 2026 - Luxury Cabin (En-Suite) Full Price and Payment Plan,2026-08-27,2026-08-27 00:00:00+00:00,2026-08-27 00:00:00+00:00,Daresbury,WA4 5LP
Freedom Street Europe 2026 Souvenir Ticket,2026-09-10,2026-09-10 00:00:00+00:00,2026-09-10 00:00:00+00:00,"Various Venues, Malta",EC1M 4JN
manifest - Venue Premium Tickets,2026-10-16,2026-10-16 17:30:00+00:00,2026-10-16 00:00:00+00:00,OVO Arena Wembley,HA90AA
Camp Bestival 2026 - Outward Adventures - Thursday,2026-07-30,2026-07-30 11:00:00+00:00,2026-07-30 00:00:00+00:00,Lulworth Castle,BH20 5QS
Camp Bestival 2026 - Backstage Camping Upgrade,2026-07-30,2026-07-30 00:00:00+00:00,2026-07-30 00:00:00+00:00,Lulworth Castle,BH20 5QS
Camp Bestival 2026 - Outward Adventures - Friday,2026-07-31,2026-07-31 11:00:00+00:00,2026-07-31 00:00:00+00:00,Lulworth Castle,BH20 5QS
Camp Bestival 2026 - Outward Adventures - Saturday,2026-08-01,2026-08-01 11:00:00+00:00,2026-08-01 00:00:00+00:00,Lulworth Castle,BH20 5QS
Camp Bestival 2026 - Outward Adventures - Sunday,2026-08-02,2026-08-02 11:00:00+00:00,2026-08-02 00:00:00+00:00,Lulworth Castle,BH20 5QS
Creamfields 2026 - 3 Day Gold Non Camping (Friday-Sunday),2026-08-28,2026-08-28 00:00:00+00:00,2026-08-28 00:00:00+00:00,Daresbury,WA4 5LP
Creamfields 2026 - 2 Day Gold Non Camping (Friday/Saturday),2026-08-28,2026-08-28 00:00:00+00:00,2026-08-28 00:00:00+00:00,Daresbury,WA4 5LP
Creamfields 2026 - 3 Day Standard Non Camping (Friday-Sunday),2026-08-28,2026-08-28 00:00:00+00:00,2026-08-28 00:00:00+00:00,Daresbury,WA4 5LP
Creamfields 2026 - 2 Day Standard Non Camping (Friday/Saturday),2026-08-28,2026-08-28 00:00:00+00:00,2026-08-28 00:00:00+00:00,Daresbury,WA4 5LP
Creamfields 2026 - 2 Day Gold Non Camping (Saturday/Sunday),2026-08-29,2026-08-29 00:00:00+00:00,2026-08-29 00:00:00+00:00,Daresbury,WA4 5LP
Creamfields 2026 - 2 Day Standard Non Camping (Saturday/Sunday),2026-08-29,2026-08-29 00:00:00+00:00,2026-08-29 00:00:00+00:00,Daresbury,WA4 5LP
Camp Bestival 2026 - Camp Kids Extra Pass,2026-07-30,2026-07-30 00:00:00+00:00,2026-07-30 00:00:00+00:00,Lulworth Castle,BH20 5QS
Camp Bestival 2026 - House of Refresh Pass,2026-07-30,2026-07-30 00:00:00+00:00,2026-07-30 00:00:00+00:00,Lulworth Castle,BH20 5QS
Queen of the Night - A Tribute to Whitney Houston,2027-02-07,2027-02-07 19:30:00+00:00,2027-02-07 00:00:00+00:00,Festival Theatre,WR14 3HB
Creamfields 2026 - 2 Day Gold Non Camping (Fri-Sat) - Payment Plan,2026-08-28,2026-08-28 00:00:00+00:00,2026-08-28 00:00:00+00:00,Daresbury,WA4 5LP
Camp Bestival 2026 - PayPal+ presents Paradise Garden Seating Booths,2026-07-30,2026-07-30 00:00:00+00:00,2026-07-30 00:00:00+00:00,Lulworth Castle,BH20 5QS
Billy Corgan - A Night of Mellon Collie and Infinite Sadness,2026-09-01,2026-09-01 18:30:00+00:00,2026-09-01 00:00:00+00:00,Royal Festival Hall,SE1 8XX
Billy Corgan - A Night of Mellon Collie and Infinite Sadness,2026-09-02,2026-09-02 18:30:00+00:00,2026-09-02 00:00:00+00:00,Royal Festival Hall,SE1 8XX
Freedom Street Europe 2026  - 4 Day,2026-09-10,2026-09-10 00:00:00+00:00,2026-09-10 00:00:00+00:00,"Various Venues, Malta",EC1M 4JN
Freedom Street Europe 2026 3 Day,2026-09-11,2026-09-11 00:00:00+00:00,2026-09-11 00:00:00+00:00,"Various Venues, Malta",EC1M 4JN
Creamfields 2026 - 3 Day Gold Non Camping (Fri-Sun) - Payment Plan,2026-08-28,2026-08-28 00:00:00+00:00,2026-08-28 00:00:00+00:00,Daresbury,WA4 5LP
Creamfields 2026 - 3 Day Standard Non Camping (Fri-Sun) - Payment Plan,2026-08-28,2026-08-28 00:00:00+00:00,2026-08-28 00:00:00+00:00,Daresbury,WA4 5LP
Creamfields 2026 - 2 Day Standard Non Camping (Fri-Sat) - Payment Plan,2026-08-28,2026-08-28 00:00:00+00:00,2026-08-28 00:00:00+00:00,Daresbury,WA4 5LP
Creamfields 2026 - 2 Day Gold Non Camping (Sat-Sun) - Payment Plan,2026-08-29,2026-08-29 00:00:00+00:00,2026-08-29 00:00:00+00:00,Daresbury,WA4 5LP
Creamfields 2026 - 2 Day Standard Non Camping (Sat-Sun) - Payment Plan,2026-08-29,2026-08-29 00:00:00+00:00,2026-08-29 00:00:00+00:00,Daresbury,WA4 5LP
The 30+ Club ft Ultrabeat (Ian Redman & MC Cover),2026-11-21,2026-11-21 17:00:00+00:00,2026-11-21 00:00:00+00:00,O2 Academy Glasgow,G5 9NT
The Long Road - Saturday 2026,2026-08-29,2026-08-29 10:00:00+00:00,2026-08-29 22:00:00+00:00,Stanford Hall,LE17 6DH
Emerge 2026 - Saturday Day Tickets - Hannah Laing,2026-08-29,2026-08-29 15:00:00+00:00,2026-08-29 00:00:00+00:00,Boucher Playing Fields,BT126HR
Rewind South 2026 - Saturday Tickets,2026-08-22,2026-08-22 11:00:00+00:00,2026-08-22 00:00:00+00:00,Temple Island Meadows,RG9 3DB
What's Love Got to do With it? - The Ultimate Tribute to Tina Turner,2027-09-12,2027-09-12 18:30:00+00:00,2027-09-12 00:00:00+00:00,Festival Theatre,WR14 3HB
Emerge 2026 - Sunday Day Tickets - blk. ,2026-08-30,2026-08-30 15:00:00+00:00,2026-08-30 00:00:00+00:00,Boucher Playing Fields,BT126HR
Soultown In Concert,2027-04-10,2027-04-10 16:30:00+00:00,2027-04-10 00:00:00+00:00,The O2,SE10 0DX
Breaking Borders 2026 - 4 Day Ticket,2026-09-03,2026-09-03 00:00:00+00:00,2026-09-03 00:00:00+00:00,"Various Venues, Malta",EC1M 4JN
Breaking Borders 2026 - 3 Day Ticket,2026-09-04,2026-09-04 00:00:00+00:00,2026-09-04 00:00:00+00:00,"Various Venues, Malta",EC1M 4JN
Emerge 2026 - Weekend Instalment Tickets,2026-08-29,2026-08-29 00:00:00+00:00,2026-08-29 00:00:00+00:00,Boucher Playing Fields,BT126HR
Emerge 2026 - Weekend Tickets,2026-08-29,2026-08-29 00:00:00+00:00,2026-08-29 00:00:00+00:00,Boucher Playing Fields,BT126HR
Audi Presents Wilderness 2026 - Weekend General,2026-07-30,2026-07-30 00:00:00+00:00,2026-07-30 00:00:00+00:00,Cornbury Park,OX7 3EH
Audi Presents Wilderness 2026 - Sustainable Weekend General,2026-07-30,2026-07-30 00:00:00+00:00,2026-07-30 00:00:00+00:00,Cornbury Park,OX7 3EH
Live Nation Presents: Roots Picnic | Sat 08 + Sun 09 Aug '26,2026-08-08,2026-08-08 00:00:00+00:00,2026-08-08 00:00:00+00:00,Crystal Palace Bowl,SE19 2GA
Camp Bestival 2026 - Saturday Day,2026-08-01,2026-08-01 07:30:00+00:00,2026-08-01 00:00:00+00:00,Lulworth Castle,BH20 5QS
Camp Bestival 2026 - Sunday Day,2026-08-02,2026-08-02 07:30:00+00:00,2026-08-02 00:00:00+00:00,Lulworth Castle,BH20 5QS
Camp Bestival 2026 - Friday Day,2026-07-31,2026-07-31 07:30:00+00:00,2026-07-31 00:00:00+00:00,Lulworth Castle,BH20 5QS
Creamfields 2026 - Friday - Gold Payment Plan,2026-08-28,2026-08-28 14:00:00+00:00,2026-08-28 00:00:00+00:00,Daresbury,WA4 5LP
Creamfields 2026 - Friday - Standard Payment Plan,2026-08-28,2026-08-28 14:00:00+00:00,2026-08-28 00:00:00+00:00,Daresbury,WA4 5LP
Creamfields 2026 - Friday - Standard,2026-08-28,2026-08-28 14:00:00+00:00,2026-08-28 00:00:00+00:00,Daresbury,WA4 5LP
Creamfields 2026 - Friday - Gold,2026-08-28,2026-08-28 14:00:00+00:00,2026-08-28 00:00:00+00:00,Daresbury,WA4 5LP
Creamfields 2026 - Sunday - Standard,2026-08-30,2026-08-30 11:00:00+00:00,2026-08-30 00:00:00+00:00,Daresbury,WA4 5LP
Creamfields 2026 - Sunday - Gold,2026-08-30,2026-08-30 11:00:00+00:00,2026-08-30 00:00:00+00:00,Daresbury,WA4 5LP
Creamfields 2026 - Sunday - Gold Payment Plan,2026-08-30,2026-08-30 11:00:00+00:00,2026-08-30 00:00:00+00:00,Daresbury,WA4 5LP
Creamfields 2026 - Sunday - Standard Payment Plan,2026-08-30,2026-08-30 11:00:00+00:00,2026-08-30 00:00:00+00:00,Daresbury,WA4 5LP
Creamfields 2026 - Saturday - Gold Payment Plan,2026-08-29,2026-08-29 13:00:00+00:00,2026-08-29 00:00:00+00:00,Daresbury,WA4 5LP
Creamfields 2026 - Saturday - Standard Payment Plan,2026-08-29,2026-08-29 13:00:00+00:00,2026-08-29 00:00:00+00:00,Daresbury,WA4 5LP
Creamfields 2026 - Saturday - Standard,2026-08-29,2026-08-29 13:00:00+00:00,2026-08-29 00:00:00+00:00,Daresbury,WA4 5LP
Creamfields 2026 - Saturday - Gold,2026-08-29,2026-08-29 13:00:00+00:00,2026-08-29 00:00:00+00:00,Daresbury,WA4 5LP
Worried About Henry,2026-10-09,2026-10-09 19:00:00+00:00,2026-10-09 00:00:00+00:00,Depot Mayfield,M12 6HR
Camp Bestival 2026 - Weekend Camping,2026-07-30,2026-07-30 00:00:00+00:00,2026-07-30 00:00:00+00:00,Lulworth Castle,BH20 5QS
Camp Bestival 2026 - Backstage Camping,2026-07-30,2026-07-30 00:00:00+00:00,2026-07-30 00:00:00+00:00,Lulworth Castle,BH20 5QS
Camp Bestival 2026 - Hospitality Camping,2026-07-30,2026-07-30 00:00:00+00:00,2026-07-30 00:00:00+00:00,Lulworth Castle,BH20 5QS
Discovery Festival 2027 - Sunday,2027-07-25,2027-07-25 11:00:00+00:00,2027-07-25 00:00:00+00:00,SLESSOR GARDENS,DD1 1AR
January Blues Festival: KING KING,2027-01-16,2027-01-16 19:00:00+00:00,2027-01-16 23:00:00+00:00,229,W1W 5PN
January Blues Festival: ERIC BIBB,2027-01-23,2027-01-23 19:00:00+00:00,2027-01-23 23:00:00+00:00,Union Chapel,N1 2XD
"Wolverhampton - Indiepalooza - ""the UK's BEST Indie Festival""",2026-07-31,2026-07-31 17:00:00+00:00,2026-07-31 22:00:00+00:00,KK's Steel Mill,WV2 4DU
London Reggae & Food Festival: Jamaican Independence Special,2026-08-08,2026-08-08 14:00:00+00:00,2026-08-08 21:00:00+00:00,Riverside East,E202AD
"Brighton - Chalk - Indiepalooza - ""the UK's BEST Indie Festival""",2026-09-11,2026-09-11 16:00:00+00:00,2026-09-11 21:00:00+00:00,"Chalk, Brighton",BN1 1NJ
"Leeds - Beckett - Indiepalooza - ""the UK's BEST Indie Festival""",2026-10-02,2026-10-02 17:00:00+00:00,2026-10-02 22:00:00+00:00,Leeds Beckett Students' Union,LS13HE
"Bridlington Spa - Indiepalooza - ""the UK's BEST Indie Festival""",2026-10-10,2026-10-10 16:00:00+00:00,2026-10-10 22:00:00+00:00,Bridlington Spa Centre,YO15 3JH
"Northampton - Roadmender - Indiepalooza - ""the UK's BEST Indie Festival""",2026-10-16,2026-10-16 16:30:00+00:00,2026-10-16 22:00:00+00:00,Roadmender,NN1 3AH
"Torquay - Arena - Indiepalooza - ""the UK's BEST Indie Festival""",2026-11-07,2026-11-07 18:00:00+00:00,2026-11-07 23:00:00+00:00,Arena Torquay,TQ11DZ
"Clapham Grand - Indiepalooza - ""the UK's BEST Indie Festival""",2026-11-27,2026-11-27 18:00:00+00:00,2026-11-27 23:00:00+00:00,Clapham Grand,SW11 1TT
"Sheffield - Foundry - Indiepalooza - ""the UK's BEST Indie Festival""",2026-12-12,2026-12-12 17:30:00+00:00,2026-12-12 22:30:00+00:00,"Foundry, Sheffield",S102TG
"Hull - Asylum - Indiepalooza - ""the UK's BEST Indie Festival""",2026-12-19,2026-12-19 18:00:00+00:00,2026-12-19 23:00:00+00:00,Asylum Hull University Union,HU6 7RX
"Boston - Gliderdrome - Indiepalooza - ""the UK's BEST Indie Festival""",2027-04-24,2027-04-24 16:00:00+00:00,2027-04-24 22:00:00+00:00,Boston Gliderdrome,PE21 6HN
"Cardiff - Depot - Indiepalooza - ""the UK's BEST Indie Festival""",2027-05-08,2027-05-08 16:00:00+00:00,2027-05-08 22:00:00+00:00,Depot Cardiff,CF10 5DF
"Lincoln - Engine Shed - Indiepalooza - ""the UK's BEST Indie Festival""",2026-08-01,2026-08-01 16:00:00+00:00,2026-08-01 21:00:00+00:00,Engine Shed,LN6 7TS
"Keele - Student Union - Indiepalooza - ""the UK's BEST Indie Festival""",2026-10-03,2026-10-03 17:00:00+00:00,2026-10-03 22:00:00+00:00,Keele Students Union,ST5 5BJ
"Colchester - Charter Hall - Indiepalooza - ""the UK's BEST Indie Festival""",2026-10-17,2026-10-17 17:00:00+00:00,2026-10-17 22:00:00+00:00,Charter Hall,C01 1YH
"Sunderland - The Point - Indiepalooza - ""the UK's BEST Indie Festival""",2026-10-31,2026-10-31 18:00:00+00:00,2026-10-31 23:00:00+00:00,The Point,SR1 3HY
"Southampton - The 1865 - Indiepalooza - ""the UK's BEST Indie Festival""",2026-11-06,2026-11-06 18:00:00+00:00,2026-11-06 23:00:00+00:00,Southampton 1865,SO14 3AR
"Liverpool - Camp & Furnace - Indiepalooza - ""the UK's BEST Indie Festival""",2026-11-14,2026-11-14 18:00:00+00:00,2026-11-14 23:00:00+00:00,Camp and Furnace,L1 0BY
"Nottingham - The Level - Indiepalooza - ""the UK's BEST Indie Festival""",2026-12-05,2026-12-05 18:00:00+00:00,2026-12-05 22:00:00+00:00,"Nottingham, The Level",NG14GH
"Aberdeen - Beach Ballroom - Indiepalooza - ""the UK's BEST Indie Festival""",2027-02-20,2027-02-20 17:00:00+00:00,2027-02-20 23:00:00+00:00,Beach Ballroom,AB24 5NR
"Glasgow Barrowland Ballroom - Indiepalooza - ""the UK's BEST Indie Festival""",2027-02-27,2027-02-27 18:00:00+00:00,2027-02-27 23:00:00+00:00,Barrowland Ballroom,G4 0TT
"NORWICH - LCR UAE - Indiepalooza - ""the UK's BEST Indie Festival""",2027-03-20,2027-03-20 17:00:00+00:00,2027-03-20 23:00:00+00:00,"The Nick Rayns LCR, UEA",NR47TJ
"Huddersfield Smile Bar - Indiepalooza - ""the UK's BEST Indie Festival""",2027-04-23,2027-04-23 17:00:00+00:00,2027-04-23 22:00:00+00:00,Smile Bar & Venue,HD13AQ
"Manchester - New Century - Indiepalooza - ""the UK's BEST Indie Festival""",2027-05-29,2027-05-29 16:00:00+00:00,2027-05-29 22:00:00+00:00,Manchester New Century Hall,M44AH
"Camden - Electric Ballroom - Indiepalooza - ""the UK's BEST Indie Festival""",2027-06-19,2027-06-19 16:00:00+00:00,2027-06-19 22:00:00+00:00,Electric Ballroom Camden,NW1 8QP
"Newcastle - 02 City Hall - Indiepalooza - ""the UK's BEST Indie Festival""",2026-09-19,2026-09-19 16:00:00+00:00,2026-09-19 22:00:00+00:00,O2 City Hall Newcastle,NE1 8SF
Inner Circle - Open Air Show,2026-07-31,2026-07-31 16:00:00+00:00,2026-07-31 20:00:00+00:00,Fox and Firkin,SE13 6JZ
Anjunadeep Open Air on the Thames,2026-08-09,2026-08-09 13:00:00+00:00,2026-08-09 22:00:00+00:00,Old Royal Naval College,SE10 9LW
Soul City Day & Night Party (Open Air),2026-07-25,2026-07-25 14:00:00+00:00,2026-07-26 02:00:00+00:00,Jazz Cafe,NW17PG
Teddy Swims- Official Ticket and Hotel Bundls,2026-07-22,2026-07-22 17:01:00+00:00,2026-07-22 00:00:00+00:00,Scarborough Open Air Theatre,YO12 6PF
Teddy Swims- Official Ticket and Hotel Bundls,2026-07-23,2026-07-23 17:01:00+00:00,2026-07-23 00:00:00+00:00,Scarborough Open Air Theatre,YO12 6PF
Teddy Swims,2026-07-22,2026-07-22 17:00:00+00:00,2026-07-22 00:00:00+00:00,Scarborough Open Air Theatre,YO12 6PF
Teddy Swims,2026-07-23,2026-07-23 17:00:00+00:00,2026-07-23 00:00:00+00:00,Scarborough Open Air Theatre,YO12 6PF
James Taylor & His All-Star Band,2026-07-25,2026-07-25 17:00:00+00:00,2026-07-25 00:00:00+00:00,Scarborough Open Air Theatre,YO12 6PF
James Taylor- Official Ticket and Hotel Bundls,2026-07-25,2026-07-25 17:01:00+00:00,2026-07-25 00:00:00+00:00,Scarborough Open Air Theatre,YO12 6PF
Cmat- Official Ticket and Hotel Bundls,2026-07-18,2026-07-18 17:01:00+00:00,2026-07-18 00:00:00+00:00,Scarborough Open Air Theatre,YO12 6PF
The Streets- Official Ticket and Hotel Bundls,2026-08-01,2026-08-01 17:01:00+00:00,2026-08-01 00:00:00+00:00,Scarborough Open Air Theatre,YO12 6PF
Nile Rodgers & CHIC- Official Ticket and Hotel Bundls,2026-08-22,2026-08-22 17:01:00+00:00,2026-08-22 00:00:00+00:00,Scarborough Open Air Theatre,YO12 6PF
Tom Jones- Official Ticket and Hotel Bundls,2026-07-26,2026-07-26 17:01:00+00:00,2026-07-26 00:00:00+00:00,Scarborough Open Air Theatre,YO12 6PF
Hollywood Vampires- Official Ticket and Hotel Bundls,2026-08-15,2026-08-15 17:01:00+00:00,2026-08-15 00:00:00+00:00,Scarborough Open Air Theatre,YO12 6PF
Scissor Sisters- Official Ticket and Hotel Bundls,2026-08-08,2026-08-08 17:01:00+00:00,2026-08-08 00:00:00+00:00,Scarborough Open Air Theatre,YO12 6PF
Holly Johnson - Official Ticket and Hotel Bundls,2026-08-14,2026-08-14 17:01:00+00:00,2026-08-14 00:00:00+00:00,Scarborough Open Air Theatre,YO12 6PF
Hollywood Vampires,2026-08-15,2026-08-15 17:00:00+00:00,2026-08-15 00:00:00+00:00,Scarborough Open Air Theatre,YO12 6PF
Tom Jones,2026-07-26,2026-07-26 17:00:00+00:00,2026-07-26 00:00:00+00:00,Scarborough Open Air Theatre,YO12 6PF
CMAT,2026-07-18,2026-07-18 17:00:00+00:00,2026-07-18 00:00:00+00:00,Scarborough Open Air Theatre,YO12 6PF
Alex James' Britpop Classical- Official Ticket and Hotel Bundls,2026-07-17,2026-07-17 17:01:00+00:00,2026-07-17 00:00:00+00:00,Scarborough Open Air Theatre,YO12 6PF
The Streets,2026-08-01,2026-08-01 17:00:00+00:00,2026-08-01 00:00:00+00:00,Scarborough Open Air Theatre,YO12 6PF
Scissor Sisters,2026-08-08,2026-08-08 17:00:00+00:00,2026-08-08 00:00:00+00:00,Scarborough Open Air Theatre,YO12 6PF
Holly Johnson,2026-08-14,2026-08-14 17:00:00+00:00,2026-08-14 00:00:00+00:00,Scarborough Open Air Theatre,YO12 6PF
Nile Rodgers & CHIC,2026-08-22,2026-08-22 17:00:00+00:00,2026-08-22 00:00:00+00:00,Scarborough Open Air Theatre,YO12 6PF
Alex James' Britpop Classical,2026-07-17,2026-07-17 17:00:00+00:00,2026-07-17 00:00:00+00:00,Scarborough Open Air Theatre,YO12 6PF
Sex Pistols- Official Ticket and Hotel Bundls,2026-08-02,2026-08-02 17:01:00+00:00,2026-08-02 00:00:00+00:00,Scarborough Open Air Theatre,YO12 6PF
SEX PISTOLS FT. FRANK CARTER,2026-08-02,2026-08-02 17:00:00+00:00,2026-08-02 00:00:00+00:00,Scarborough Open Air Theatre,YO12 6PF
Soulection Experience: 15 Year Anniversary,2026-08-16,2026-08-16 13:30:00+00:00,2026-08-16 00:00:00+00:00,"Magazine Open-Air, London",SE100JH
