eventname,date,startdate,enddate,venue_name,postcode
Angel Fest 26,2026-07-12,2026-07-12 12:00:00+00:00,2026-07-13 02:00:00+00:00,,
On The Beach 2026: Thursday- Fatboy Slim,2026-07-16,2026-07-16 14:00:00+00:00,2026-07-16 22:00:00+00:00,,
HebCelt 2026,2026-07-16,2026-07-16 17:00:00+00:00,2026-07-18 23:30:00+00:00,,
Prog For Peart - The 6th year,2026-07-16,2026-07-16 18:30:00+00:00,2026-07-19 02:00:00+00:00,,
The Wild Gardens Festival,2026-07-16,2026-07-16 11:00:00+00:00,2026-07-19 23:00:00+00:00,,
Beat-Herder Festival,2026-07-16,2026-07-16 11:00:00+00:00,2026-07-19 23:00:00+00:00,,
The Searchers and Hollies Experience,2026-07-16,2026-07-16 19:30:00+00:00,2026-07-16 22:00:00+00:00,,
On The Beach 2026: Friday - Fatboy Slim,2026-07-17,2026-07-17 13:00:00+00:00,2026-07-17 22:30:00+00:00,,
Maid of Stone 2026,2026-07-17,2026-07-17 13:00:00+00:00,2026-07-19 22:00:00+00:00,,
Craic by the Creek 2026,2026-07-17,2026-07-17 12:00:00+00:00,2026-07-19 23:45:00+00:00,,
Back Doune The Rabbit Hole 2026,2026-07-17,2026-07-17 15:00:00+00:00,2026-07-19 23:45:00+00:00,,
Fields Of Gold Summer Festival 2026,2026-07-17,2026-07-17 12:00:00+00:00,2026-07-18 22:00:00+00:00,,
Sunset Groove Festival 2026,2026-07-17,2026-07-17 17:00:00+00:00,2026-07-19 22:30:00+00:00,,
Lost Groove Festival 2026,2026-07-17,2026-07-17 16:00:00+00:00,2026-07-19 14:00:00+00:00,,
Wytwoods Festival,2026-07-17,2026-07-17 15:00:00+00:00,2026-07-19 03:00:00+00:00,,
Campfire Country Music Festival,2026-09-11,2026-07-17 15:00:00+00:00,2026-07-17 22:00:00+00:00,,
Foodies Festival 2026 - Winchester,2026-07-17,2026-07-17 12:00:00+00:00,2026-07-19 21:00:00+00:00,,
Rock n Ribs Festival,2026-07-17,2026-07-17 11:00:00+00:00,2026-07-19 23:00:00+00:00,,
Dornoch Music Festival,2026-07-17,2026-07-17 11:00:00+00:00,2026-07-18 23:00:00+00:00,,
Ventnor Fringe,2026-07-17,2026-07-17 09:00:00+00:00,2026-07-26 23:45:00+00:00,,
Nozstock The Hidden Valley,2026-07-17,2026-07-17 11:00:00+00:00,2026-07-18 23:00:00+00:00,,
Christchurch Music Festival,2026-07-17,2026-07-17 16:00:00+00:00,2026-07-19 20:00:00+00:00,,
On The Beach 2026:  Saturday - Fatboy Slim,2026-07-18,2026-07-18 13:00:00+00:00,2026-07-18 22:30:00+00:00,,
Solihull Summer Fest 2026,2026-07-18,2026-07-18 11:00:00+00:00,2026-07-19 22:30:00+00:00,,
Bassfest Summer Festival 2026,2026-07-18,2026-07-18 11:00:00+00:00,2026-07-19 22:00:00+00:00,,
As One in the Park 2026,2026-07-18,2026-07-18 12:00:00+00:00,2026-07-18 22:00:00+00:00,,
Soul Disco Society,2026-07-18,2026-07-18 12:00:00+00:00,2026-07-18 23:00:00+00:00,,
"Rum & Reggae 2026 | The Prospect Building, Bristol",2026-07-18,2026-07-18 14:00:00+00:00,2026-07-18 22:00:00+00:00,,
Priory Live Festival,2026-07-18,2026-07-18 12:30:00+00:00,2026-07-18 22:30:00+00:00,,
Northampton Big Family Day Out,2026-07-18,2026-07-18 12:00:00+00:00,2026-07-18 22:00:00+00:00,,
Girls Like R&B x Binks Yard Nottingham,2026-07-18,2026-07-18 15:00:00+00:00,2026-07-18 22:00:00+00:00,,
Tribute On The Hill 2026,2026-07-18,2026-07-18 13:00:00+00:00,2026-07-18 21:30:00+00:00,,
"DOUGIE POYNTER & MORE | Pop Republic Fest | SteelYard, Sheffield",2026-07-18,2026-07-18 13:00:00+00:00,2026-07-18 23:00:00+00:00,,
Hopskotch Summer Series: Part II,2026-07-18,2026-07-18 14:00:00+00:00,2026-07-18 22:30:00+00:00,,
AllDay Musicals - Sat 18th July - Freight island - Manchester,2026-07-18,2026-07-18 15:00:00+00:00,2026-07-18 21:00:00+00:00,,
The Ship Open Air,2026-07-18,2026-07-18 14:00:00+00:00,2026-07-18 22:00:00+00:00,,
Silverburn Streetfood Festival SSFF,2026-07-18,2026-07-18 12:00:00+00:00,2026-07-19 21:30:00+00:00,,
Taste Of Thailand Music And Food Festival,2026-07-18,2026-07-18 10:00:00+00:00,2026-07-19 19:00:00+00:00,,
Day Fever Summer Music Event Abercynon RFC,2026-07-18,2026-07-18 13:00:00+00:00,2026-07-18 21:00:00+00:00,,
One Day In The Park [25 Years of Melting Pot],2026-07-18,2026-07-18 17:00:00+00:00,2026-07-18 22:30:00+00:00,,
R&B Lovers -  Summer Outdoor Beach Festival - Central Park,2026-07-18,2026-07-18 14:00:00+00:00,2026-07-18 22:00:00+00:00,,
Grime Day Festival,2026-07-18,2026-07-18 13:00:00+00:00,2026-07-18 20:00:00+00:00,,
Summer Of Love UKG & R&B Summer Outdoor Day Party Cardiff,2026-07-18,2026-07-18 15:00:00+00:00,2026-07-18 22:00:00+00:00,,
Summer Bash 8,2026-07-18,2026-07-18 13:00:00+00:00,2026-07-18 23:00:00+00:00,,
Daynova,2026-07-18,2026-07-18 15:00:00+00:00,2026-07-18 23:00:00+00:00,,
BeatMasters Outdoor Music Festival,2026-09-12,2026-07-18 12:00:00+00:00,2026-07-18 22:00:00+00:00,,
Mini Traco Fest 2026,2026-07-18,2026-07-18 14:00:00+00:00,2026-07-18 19:00:00+00:00,,
Leeds Pride Festival - Freedom Party,2026-07-18,2026-07-18 13:00:00+00:00,2026-07-18 22:00:00+00:00,,
Wigan St.Cuthberts Music Festival,2026-07-18,2026-07-18 11:30:00+00:00,2026-07-18 22:00:00+00:00,,
Xcstasy Jouvert Soca Festival 2026,2026-07-18,2026-07-18 13:00:00+00:00,2026-07-18 21:00:00+00:00,,
Baytech at Mambo,2026-07-18,2026-07-18 13:00:00+00:00,2026-07-18 21:00:00+00:00,,
Festival,2026-07-18,2026-07-18 13:00:00+00:00,2026-07-18 22:00:00+00:00,,
We Are Wirral,2026-07-18,2026-07-18 11:00:00+00:00,2026-07-19 23:00:00+00:00,,
Family Music Festival,2026-07-18,2026-07-18 11:00:00+00:00,2026-07-19 22:00:00+00:00,,
Live Festival,2026-07-18,2026-07-18 12:30:00+00:00,2026-07-18 22:30:00+00:00,,
Splendour Festival,2026-07-18,2026-07-18 11:00:00+00:00,2026-07-19 23:00:00+00:00,,
Cheese and Chilli Festival,2026-07-18,2026-07-18 10:00:00+00:00,2026-07-19 18:00:00+00:00,,
On The Beach 2026: Sunday - Fatboy Slim,2026-07-19,2026-07-19 13:00:00+00:00,2026-07-19 22:30:00+00:00,,
Northampton Country Music Festival,2026-07-19,2026-07-19 12:00:00+00:00,2026-07-19 22:00:00+00:00,,
We Love it Outdoor Tribute Festival Malmsbury - July 2026,2026-09-13,2026-07-19 12:00:00+00:00,2026-07-19 22:00:00+00:00,,
Leeds Pride Festival - Dance Arena,2026-07-19,2026-07-19 14:00:00+00:00,2026-07-20 04:00:00+00:00,,
Folk By The Oak,2026-07-19,2026-07-19 11:00:00+00:00,2026-07-19 23:00:00+00:00,,
On The Beach 2026: Madness presents Madrophenia [EXTRA DATE],2026-07-23,2026-07-23 15:00:00+00:00,2026-07-23 22:00:00+00:00,,
Club Class Luxury Pass at Truck Festival,2026-07-23,2026-07-23 08:00:00+00:00,2026-07-26 23:00:00+00:00,,
Vodafone at Latitude Festival,2026-07-23,2026-07-23 08:00:00+00:00,2026-07-26 23:00:00+00:00,,
Chargecandy at Truck Festival,2026-07-23,2026-07-23 08:00:00+00:00,2026-07-26 23:00:00+00:00,,
Truck Festival,2026-07-23,2026-07-23 11:00:00+00:00,2026-07-26 23:00:00+00:00,,
Rock Oyster Festival,2026-07-23,2026-07-23 11:00:00+00:00,2026-07-26 23:00:00+00:00,,
Campo Sancho,2026-07-23,2026-07-23 11:00:00+00:00,2026-07-26 23:00:00+00:00,,
Northants Rocks,2026-07-23,2026-07-23 11:00:00+00:00,2026-07-26 23:00:00+00:00,,
The George Harrison Project,2026-07-23,2026-07-23 19:30:00+00:00,2026-07-23 22:00:00+00:00,,
Latitude Festival,2026-07-23,2026-07-23 11:00:00+00:00,2026-07-26 23:00:00+00:00,,
On The Beach 2026: Madness presents Madrophenia,2026-07-24,2026-07-24 14:00:00+00:00,2026-07-24 22:30:00+00:00,,
Rock The Mote 2026,2026-07-24,2026-07-24 17:00:00+00:00,2026-07-26 22:00:00+00:00,,
Hedex Presents: My Home Is The Rave Festival,2026-07-24,2026-07-24 14:00:00+00:00,2026-07-24 22:00:00+00:00,,
Offal Fest 2026,2026-07-24,2026-07-24 17:00:00+00:00,2026-07-26 23:00:00+00:00,,
Together Again Festival 2026,2026-07-24,2026-07-24 09:00:00+00:00,2026-07-26 23:45:00+00:00,,
Doncaster Balloon Festival,2026-07-24,2026-07-24 12:00:00+00:00,2026-07-25 22:00:00+00:00,,
Symphonic Ibiza Orchestra | Lichfield Concert,2026-07-24,2026-07-24 17:00:00+00:00,2026-07-24 23:00:00+00:00,,
Beacon Park Tribute Festival 2026,2026-07-24,2026-07-24 17:00:00+00:00,2026-07-26 22:00:00+00:00,,
Together Again Festival 2026: Exclusive Offers,2026-07-24,2026-07-24 12:00:00+00:00,2026-07-26 23:45:00+00:00,,
Beach Fest Skegness 2026,2026-07-24,2026-07-24 12:00:00+00:00,2026-07-26 21:00:00+00:00,,
Peaceful World Festival 2026,2026-07-24,2026-07-24 12:00:00+00:00,2026-07-26 23:45:00+00:00,,
Crystal Soul Weekender 2026,2026-07-24,2026-07-24 14:00:00+00:00,2026-07-26 12:00:00+00:00,,
Live at Melbourne Hall - Jo Whiley's 90s Anthems,2026-07-24,2026-07-24 17:00:00+00:00,2026-07-24 23:00:00+00:00,,
Lazydays Festival 2026,2026-07-24,2026-07-24 14:00:00+00:00,2026-07-26 20:00:00+00:00,,
Bournemouth Reggae Weekender 2026,2026-07-24,2026-07-24 18:00:00+00:00,2026-07-26 22:00:00+00:00,,
Boho Festival 2026,2026-07-24,2026-07-24 15:00:00+00:00,2026-07-27 01:00:00+00:00,,
Together Again: VIP Voyage Hot Tubs,2026-07-24,2026-07-24 12:00:00+00:00,2026-07-26 23:45:00+00:00,,
Junction 2,2026-07-24,2026-07-24 12:00:00+00:00,2026-07-26 22:00:00+00:00,,
SeekOut Arts & Music Festival,2026-07-24,2026-07-24 13:00:00+00:00,2026-07-26 13:00:00+00:00,,
Echo Fest,2026-07-24,2026-07-24 16:30:00+00:00,2026-07-26 23:00:00+00:00,,
The Great Coventry Weekender | 3-Day Ticket,2026-07-24,2026-07-24 15:00:00+00:00,2026-07-26 23:00:00+00:00,,
Hammerdown Festival 2026,2026-07-24,2026-07-24 17:30:00+00:00,2026-07-26 22:00:00+00:00,,
Gadabout Festival,2026-07-24,2026-07-24 11:00:00+00:00,2026-07-25 23:00:00+00:00,,
Tramlines,2026-07-24,2026-07-24 11:00:00+00:00,2026-07-26 23:00:00+00:00,,
Hayrock Tribute Festival,2026-07-24,2026-07-24 09:00:00+00:00,2026-07-26 23:00:00+00:00,,
Chiddfest,2026-07-24,2026-07-24 11:00:00+00:00,2026-07-26 23:00:00+00:00,,
Blue Reef Festival,2026-07-24,2026-07-24 11:00:00+00:00,2026-07-25 23:00:00+00:00,,
Deer Shed Festival,2026-07-24,2026-07-24 11:00:00+00:00,2026-07-26 23:00:00+00:00,,
GlastonBARRY Juniors Festival,2026-07-24,2026-07-24 11:00:00+00:00,2026-07-24 23:00:00+00:00,,
The George Harrison Project,2026-07-24,2026-07-24 19:30:00+00:00,2026-07-24 22:00:00+00:00,,
Steelhouse Festival,2026-07-24,2026-07-24 11:00:00+00:00,2026-07-26 23:00:00+00:00,,
Landed Festival,2026-07-24,2026-07-24 11:00:00+00:00,2026-07-26 23:00:00+00:00,,
Valhalla Viking Festival,2026-07-24,2026-07-24 10:00:00+00:00,2026-07-26 23:45:00+00:00,,
KISSTORY On Blackheath 2026,2026-07-25,2026-07-25 13:00:00+00:00,2026-07-25 22:00:00+00:00,,
Debdale Park Sports Club Music Festival,2026-07-25,2026-07-25 12:00:00+00:00,2026-07-25 21:30:00+00:00,,
"OnTheBeach LIVE: The Maccabees, Editors, Miles Kane, Anna Calvi",2026-07-25,2026-07-25 13:00:00+00:00,2026-07-25 22:30:00+00:00,,
Forsaken Forest Festival BTID Clubland,2026-07-25,2026-07-25 13:00:00+00:00,2026-07-25 22:00:00+00:00,,
Picnic and Pop Festival,2026-07-25,2026-07-25 12:00:00+00:00,2026-07-26 20:00:00+00:00,,
Country Club - Outdoor Country Music Festival - Manchester,2026-07-25,2026-07-25 15:00:00+00:00,2026-07-25 22:00:00+00:00,,
The House & Vocal Disco Festival,2026-07-25,2026-07-25 12:00:00+00:00,2026-07-25 23:00:00+00:00,,
"Rum & Reggae 2026 | Project House, Leeds",2026-07-25,2026-07-25 12:00:00+00:00,2026-07-25 21:00:00+00:00,,
Back To The 90s - Summer Outdoor Festival - Birmingham,2026-07-25,2026-07-25 13:00:00+00:00,2026-07-26 00:00:00+00:00,,
Chesterfield Music Festival 2026  - A Great Family Day Out!,2026-07-25,2026-07-25 12:00:00+00:00,2026-07-25 22:00:00+00:00,,
KISSTORY On Blackheath 2026,2026-07-25,2026-07-25 13:00:00+00:00,2026-07-25 22:00:00+00:00,,
RNB MANIA | Wakefield's Outdoor R&B Festival,2026-07-25,2026-07-25 15:00:00+00:00,2026-07-25 22:00:00+00:00,,
Love to be... at House & Vocal Disco Fest,2026-07-25,2026-07-25 12:00:00+00:00,2026-07-25 23:00:00+00:00,,
"Rum & Reggae Fest | The Hangar, Norwich",2026-07-25,2026-07-25 14:00:00+00:00,2026-07-25 21:00:00+00:00,,
Suited and Booted 2026,2026-07-25,2026-07-25 12:00:00+00:00,2026-07-25 21:30:00+00:00,,
Fell Out Boy & Black Charade | Revolve Festival | SY Sheff,2026-07-25,2026-07-25 14:00:00+00:00,2026-07-25 23:00:00+00:00,,
"Junction 2 x fabric: Nina Kraviz, Jeff Mills",2026-07-25,2026-07-25 14:00:00+00:00,2026-07-25 22:00:00+00:00,,
RNB MANIA | Hertford's R&B Festival,2026-07-25,2026-07-25 15:00:00+00:00,2026-07-25 23:00:00+00:00,,
4Four Bassline - Birmingham Open-Air Rooftop Rave,2026-07-25,2026-07-25 16:00:00+00:00,2026-07-25 22:00:00+00:00,,
Salisbury Live Summer Extravaganza,2026-07-25,2026-07-25 14:00:00+00:00,2026-07-25 23:00:00+00:00,,
Big Rave,2026-07-25,2026-07-25 12:00:00+00:00,2026-07-26 00:00:00+00:00,,
Judge Jules @ Daisy Shake - Ibiza Day Rave,2026-07-25,2026-07-25 14:00:00+00:00,2026-07-25 23:00:00+00:00,,
Magic of Thailand Festival in Guildford,2026-07-25,2026-07-25 10:00:00+00:00,2026-07-26 19:00:00+00:00,,
RNP Fest 2026,2026-07-25,2026-07-25 13:00:00+00:00,2026-07-25 21:00:00+00:00,,
Newcastle Pride Arena 2026,2026-07-25,2026-07-25 12:00:00+00:00,2026-07-26 23:00:00+00:00,,
"AG FEST 2026, London",2026-07-25,2026-07-25 12:00:00+00:00,2026-07-25 22:00:00+00:00,,
Summer Outdoor 80s Tribute Festival - Cardiff,2026-07-25,2026-07-25 15:00:00+00:00,2026-07-25 22:00:00+00:00,,
Tunsfest 2026,2026-07-25,2026-07-25 12:00:00+00:00,2026-07-25 23:45:00+00:00,,
Ealing Jazz Festival 2026,2026-07-25,2026-07-25 13:00:00+00:00,2026-07-26 22:30:00+00:00,,
A Summer Cookout 2026,2026-07-25,2026-07-25 12:00:00+00:00,2026-07-26 02:00:00+00:00,,
Taste Of Thailand Music And Food Festival,2026-07-25,2026-07-25 10:00:00+00:00,2026-07-26 19:00:00+00:00,,
ITG Festival,2026-07-25,2026-07-25 15:00:00+00:00,2026-07-26 00:00:00+00:00,,
Pawfest,2026-07-25,2026-07-25 12:00:00+00:00,2026-07-25 22:00:00+00:00,,
State of it Pt.4 Containment Weekender!,2026-07-25,2026-07-25 15:00:00+00:00,2026-07-26 22:00:00+00:00,,
"CUE - Together Again Festival w. Gaskin, Robbie Doherty & more",2026-07-25,2026-07-25 14:00:00+00:00,2026-07-26 02:00:00+00:00,,
Live at Melbourne Hall - Lightning Seeds,2026-07-25,2026-07-25 15:00:00+00:00,2026-07-25 23:00:00+00:00,,
R&B Lovers Outdoor Festival - Sat 25th July - The Buttermarket,2026-07-25,2026-07-25 15:00:00+00:00,2026-07-25 22:00:00+00:00,,
The Northern Soul All Festival,2026-07-25,2026-07-25 13:00:00+00:00,2026-07-25 23:45:00+00:00,,
Asylum Uprising metal fest,2026-07-25,2026-07-25 15:00:00+00:00,2026-07-25 23:15:00+00:00,,
Breakin Science Summer Underground | Jungle Mania | D&B Classics,2026-09-05,2026-07-25 14:00:00+00:00,2026-07-25 22:00:00+00:00,,
Early Doors at Peggy's 25th July,2026-07-25,2026-07-25 12:00:00+00:00,2026-07-25 23:30:00+00:00,,
AfroParkFest 2026,2026-07-25,2026-07-25 12:00:00+00:00,2026-07-25 22:00:00+00:00,,
The Compasses Festival,2026-07-25,2026-07-25 12:00:00+00:00,2026-07-25 23:00:00+00:00,,
Big Caribbean Cookout! | The Great Coventry Weekender - DAY 2,2026-07-25,2026-07-25 12:00:00+00:00,2026-07-25 23:00:00+00:00,,
Rewind (Day Party at Mambo),2026-07-25,2026-07-25 15:00:00+00:00,2026-07-25 22:00:00+00:00,,
OVER 30's CLUB - Daytime Clubbing - Digital Newcastle,2026-07-25,2026-07-25 15:00:00+00:00,2026-07-25 20:00:00+00:00,,
The House That Ash Built 2026,2026-07-25,2026-07-25 14:00:00+00:00,2026-07-25 23:00:00+00:00,,
DNB360 & Noise Enforcement -ONE DAY OUTDOOR FESTIVAL Stourbridge,2026-07-25,2026-07-25 14:00:00+00:00,2026-07-26 02:00:00+00:00,,
Alex Fest,2026-07-25,2026-07-25 11:00:00+00:00,2026-07-26 23:00:00+00:00,,
Pig Fest,2026-07-25,2026-07-25 11:00:00+00:00,2026-07-25 19:00:00+00:00,,
Scare Taxi play at Alive at the Barn 2026,2026-07-25,2026-07-25 18:00:00+00:00,2026-07-25 23:00:00+00:00,,
Tidal Gathering Tribute Festival,2026-07-25,2026-07-25 11:00:00+00:00,2026-07-26 23:00:00+00:00,,
Canada Water presents Round The Dock,2026-07-25,2026-07-25 10:00:00+00:00,2026-07-26 20:00:00+00:00,,
The Sounds of the 80s show with The Zoots,2026-07-25,2026-07-25 19:30:00+00:00,2026-07-25 22:00:00+00:00,,
GlastonBARRY Tribute Festival,2026-07-25,2026-07-25 11:00:00+00:00,2026-07-26 23:00:00+00:00,,
The George Harrison Project,2026-07-25,2026-07-25 19:30:00+00:00,2026-07-25 22:00:00+00:00,,
Castle Park Live,2026-07-25,2026-07-25 11:00:00+00:00,2026-07-25 23:00:00+00:00,,
Suited and Booted Festival,2026-07-25,2026-07-25 11:00:00+00:00,2026-07-25 23:00:00+00:00,,
On The Beach 2026: Moby,2026-07-26,2026-07-26 14:00:00+00:00,2026-07-26 22:30:00+00:00,,
Chesterfield Country Music Festival,2026-07-26,2026-07-26 12:00:00+00:00,2026-07-26 22:00:00+00:00,,
Laugh in the Park '26 - Glasgow's Southside Comedy Fest. - Pt 2,2026-07-26,2026-07-26 19:00:00+00:00,2026-07-26 22:30:00+00:00,,
Heritage Live: UB40 featuring Ali Campbell,2026-07-26,2026-07-26 13:00:00+00:00,2026-07-26 22:30:00+00:00,,
Drum Cupboard Takeover Festival IV,2026-07-26,2026-07-26 12:30:00+00:00,2026-07-26 20:00:00+00:00,,
"Junction 2: Adam Beyer, Miss Monique, Indo Warehouse",2026-07-26,2026-07-26 14:00:00+00:00,2026-07-26 22:00:00+00:00,,
Next Act Festival,2026-07-26,2026-07-26 15:00:00+00:00,2026-07-26 21:00:00+00:00,,
It's Our House LDN: PRESSURE SUMMER DAY PARTY @Nagshall Farm,2026-07-26,2026-07-26 12:00:00+00:00,2026-07-26 22:00:00+00:00,,
RNBLAND - Manchester's Biggest RnB Summer Day Festival (1000 RNB,2026-07-26,2026-07-26 16:00:00+00:00,2026-07-26 22:00:00+00:00,,
Live at Melbourne Hall - The Shires,2026-07-26,2026-07-26 14:00:00+00:00,2026-07-26 23:00:00+00:00,,
Coventry Summer Jam | The Great Coventry Weekender - DAY 3,2026-07-26,2026-07-26 12:00:00+00:00,2026-07-26 21:30:00+00:00,,
Family Fields Festival,2026-07-26,2026-07-26 12:00:00+00:00,2026-07-26 23:00:00+00:00,,
Roots Market,2026-07-26,2026-07-26 14:00:00+00:00,2026-07-26 23:00:00+00:00,,
Pig Chill,2026-07-26,2026-07-26 11:00:00+00:00,2026-07-26 19:00:00+00:00,,
Petworth Summer Festival - Coffee Concert - Bossa Nova,2026-07-28,2026-07-28 12:00:00+00:00,2026-07-28 13:00:00+00:00,,
Belladrum Tartan Heart Festival 2026,2026-07-30,2026-07-30 12:00:00+00:00,2026-08-01 23:00:00+00:00,,
Club Class Luxury Pass at Y Not Festival,2026-07-30,2026-07-30 08:00:00+00:00,2026-08-02 23:00:00+00:00,,
Valley Fest,2026-07-30,2026-07-30 09:00:00+00:00,2026-08-02 01:00:00+00:00,,
Chargecandy at Y Not Festival,2026-07-30,2026-07-30 08:00:00+00:00,2026-08-02 23:00:00+00:00,,
Breakout Festival 2026,2026-07-30,2026-07-30 15:00:00+00:00,2026-08-02 23:45:00+00:00,,
Vodafone at Wilderness,2026-07-30,2026-07-30 08:00:00+00:00,2026-08-02 23:00:00+00:00,,
Chargecandy at Belladrum Tartan Heart,2026-07-30,2026-07-30 11:00:00+00:00,2026-08-01 23:00:00+00:00,,
Vodafone at Kendal Calling,2026-07-30,2026-07-30 08:00:00+00:00,2026-08-02 23:00:00+00:00,,
Vodafone at Camp Bestival,2026-07-30,2026-07-30 08:00:00+00:00,2026-08-02 23:00:00+00:00,,
Kendal Calling,2026-07-30,2026-07-30 11:00:00+00:00,2026-08-02 23:00:00+00:00,,
App Fest,2026-07-30,2026-07-30 11:00:00+00:00,2026-08-02 23:00:00+00:00,,
Outcider Festival,2026-07-30,2026-07-30 11:00:00+00:00,2026-08-02 23:00:00+00:00,,
Cambridge Rock Festival,2026-07-30,2026-07-30 11:00:00+00:00,2026-08-02 23:00:00+00:00,,
Camp Bestival - Dorset,2026-07-30,2026-07-30 10:00:00+00:00,2026-08-02 23:00:00+00:00,,
Wilderness Festival,2026-07-30,2026-07-30 10:00:00+00:00,2026-08-02 23:00:00+00:00,,
Y Not Festival,2026-07-30,2026-07-30 10:00:00+00:00,2026-08-02 23:00:00+00:00,,
The Green Gathering,2026-07-30,2026-07-30 11:00:00+00:00,2026-08-02 23:00:00+00:00,,
Reggae Land 2026,2026-07-31,2026-07-31 16:00:00+00:00,2026-08-02 22:30:00+00:00,,
Burna Boy LIVE at The Milton Keynes National Bowl,2026-07-31,2026-07-31 16:00:00+00:00,2026-07-31 23:00:00+00:00,,
Clubland By The Sea,2026-07-31,2026-07-31 15:00:00+00:00,2026-07-31 23:00:00+00:00,,
The Sound of West End Musicals - Feast Live,2026-07-31,2026-07-31 17:30:00+00:00,2026-07-31 22:00:00+00:00,,
Supersonic Weekender,2026-07-31,2026-07-31 09:00:00+00:00,2026-08-02 23:00:00+00:00,,
Arbroath Fest,2026-07-31,2026-07-31 11:00:00+00:00,2026-08-01 22:00:00+00:00,,
Hillbilly Hootenanny 2026,2026-07-31,2026-07-31 12:00:00+00:00,2026-08-02 22:30:00+00:00,,
Effy & Mall Grab Present: Frangrance,2026-07-31,2026-07-31 14:00:00+00:00,2026-07-31 22:00:00+00:00,,
Notsilly weekender,2026-07-31,2026-07-31 12:00:00+00:00,2026-08-03 12:00:00+00:00,,
Mandala Sounds Rituals,2026-07-31,2026-07-31 22:00:00+00:00,2026-08-01 05:00:00+00:00,,
Kawson Sacka Afrobeat Live,2026-07-31,2026-07-31 21:00:00+00:00,2026-08-01 02:00:00+00:00,,
Styal Craft Beer Fest 2026,2026-08-01,2026-07-31 15:00:00+00:00,2026-08-01 23:00:00+00:00,,
Good Vibrations Society,2026-07-31,2026-07-31 11:00:00+00:00,2026-08-02 23:00:00+00:00,,
Valley Fest,2026-07-31,2026-07-31 11:00:00+00:00,2026-08-02 23:00:00+00:00,,
Stowaway Festival,2026-07-31,2026-07-31 11:00:00+00:00,2026-08-02 23:00:00+00:00,,
Club Classics Orchestra,2026-07-31,2026-07-31 17:00:00+00:00,2026-08-01 11:00:00+00:00,,
Hillbilly Hootenanny,2026-07-31,2026-07-31 12:00:00+00:00,2026-08-02 22:30:00+00:00,,
The Moors Muisc Festival,2026-07-31,2026-07-31 14:30:00+00:00,2026-08-02 23:00:00+00:00,,
The Kooks Inside In / Inside Out 20 year anniversary,2026-07-31,2026-07-31 16:00:00+00:00,2026-07-31 23:00:00+00:00,,
Margate Soul Festival,2026-07-31,2026-07-31 11:00:00+00:00,2026-08-02 23:00:00+00:00,,
The Searchers and Hollies Experience,2026-07-31,2026-07-31 19:30:00+00:00,2026-07-31 22:00:00+00:00,,
RADAR Festival,2026-07-31,2026-07-31 11:00:00+00:00,2026-08-02 23:00:00+00:00,,
Teletech Festival 2026,2026-08-01,2026-08-01 13:00:00+00:00,2026-08-02 05:00:00+00:00,,
Hospital30 Block Party,2026-08-01,2026-08-01 14:00:00+00:00,2026-08-01 23:00:00+00:00,,
Word of Mouth Prosecco & Club Classics Festival 2026 @ Himley,2026-08-01,2026-08-01 12:00:00+00:00,2026-08-01 21:00:00+00:00,,
Brighton Pride - Pride on the Park 2026,2026-08-01,2026-08-01 13:00:00+00:00,2026-08-02 23:00:00+00:00,,
"Save The Rave: Old Skool Outdoor Festival, Southport 2026",2026-08-01,2026-08-01 11:00:00+00:00,2026-08-01 22:00:00+00:00,,
Haçienda Classical Live Orchestra on The Downs - Feast Live,2026-08-01,2026-08-01 16:00:00+00:00,2026-08-01 23:00:00+00:00,,
Our House Fest 2026,2026-08-01,2026-08-01 13:00:00+00:00,2026-08-01 23:00:00+00:00,,
JUVY Open Air - Sat 1st August @ Berwick Manor Essex,2026-08-01,2026-08-01 14:00:00+00:00,2026-08-01 19:00:00+00:00,,
Worcester Tribute Festival 2026,2026-08-01,2026-08-01 12:00:00+00:00,2026-08-01 21:30:00+00:00,,
Maravilosa 5th birthday safari open air,2026-08-01,2026-08-01 12:00:00+00:00,2026-08-01 23:00:00+00:00,,
Country Club - Outdoor Country Music Festival - Liverpool,2026-08-01,2026-08-01 15:00:00+00:00,2026-08-01 22:00:00+00:00,,
Eterna presents L O S T in the woods,2026-08-01,2026-08-01 11:30:00+00:00,2026-08-01 22:00:00+00:00,,
Brighton Pride - Pride Street Party 2026,2026-08-01,2026-08-01 15:00:00+00:00,2026-08-02 21:00:00+00:00,,
Hillside Festival 2026,2026-08-01,2026-08-01 14:00:00+00:00,2026-08-01 23:00:00+00:00,,
Newton Music Festival,2026-08-01,2026-08-01 16:00:00+00:00,2026-08-01 22:00:00+00:00,,
Emily Makis - Outsiders 2.0 Day Party: Bristol,2026-08-01,2026-08-01 14:00:00+00:00,2026-08-01 22:00:00+00:00,,
RNB MANIA | Nottingham's R&B Festival!,2026-08-01,2026-08-01 15:00:00+00:00,2026-08-01 21:00:00+00:00,,
Wax Format Outdoors: Sam Mitcham Vinyl Only All Day Long,2026-08-01,2026-08-01 15:00:00+00:00,2026-08-02 02:00:00+00:00,,
Analog & Ibiza Sound Fest 'SUMMER GARDEN PARTY',2026-08-01,2026-08-01 14:00:00+00:00,2026-08-01 22:00:00+00:00,,
Festival in the Park,2026-08-01,2026-08-01 12:00:00+00:00,2026-08-01 21:00:00+00:00,,
Bassline Oldskool Anthems Sheffield Outdoor Fest,2026-08-01,2026-08-01 14:00:00+00:00,2026-08-01 23:00:00+00:00,,
A Grand Day Out,2026-08-01,2026-08-01 14:00:00+00:00,2026-08-02 01:00:00+00:00,,
Dom Dolla on the Thames,2026-08-01,2026-08-01 14:00:00+00:00,2026-08-01 23:00:00+00:00,,
R&B Lovers - Saturday 1st August - Luna Springs,2026-08-01,2026-08-01 15:00:00+00:00,2026-08-02 00:00:00+00:00,,
Styal Craft Beer Fest 2026,2026-08-01,2026-08-01 12:00:00+00:00,2026-08-01 23:00:00+00:00,,
"Beard's Fest 2026 - Bladerunner, prozak, Toby ross, DJ cosworth",2026-08-01,2026-08-01 13:00:00+00:00,2026-08-02 03:00:00+00:00,,
Cheshire Fest 2026,2026-08-22,2026-08-01 12:00:00+00:00,2026-08-01 23:00:00+00:00,,
Innervisions London,2026-08-01,2026-08-01 14:00:00+00:00,2026-08-01 22:00:00+00:00,,
Magic of Thailand Festival in Cambridge,2026-08-01,2026-08-01 10:00:00+00:00,2026-08-02 19:00:00+00:00,,
Beats Festival,2026-08-01,2026-08-01 10:00:00+00:00,2026-08-02 19:00:00+00:00,,
Ealing Blues Festival 2026,2026-08-01,2026-08-01 13:00:00+00:00,2026-08-02 22:30:00+00:00,,
North West music fest 2026 @ Robin Hood,2026-08-01,2026-08-01 12:00:00+00:00,2026-08-01 22:00:00+00:00,,
Prologue Presents - The Ibiza Day Party,2026-08-01,2026-08-01 15:00:00+00:00,2026-08-02 01:00:00+00:00,,
Riverside Riddimz Festival,2026-08-01,2026-08-01 12:00:00+00:00,2026-08-02 23:45:00+00:00,,
R&B Lovers Summer Open Air Festival - Sat 1st Aug - LDN EAST,2026-08-01,2026-08-01 14:00:00+00:00,2026-08-01 22:00:00+00:00,,
Threshold was Here - The reunion,2026-08-01,2026-08-01 12:00:00+00:00,2026-08-02 02:00:00+00:00,,
Country Girls Yard Party,2026-08-01,2026-08-01 14:00:00+00:00,2026-08-01 23:00:00+00:00,,
Greenlands inn Jamaica  independence festival,2026-08-01,2026-08-01 14:00:00+00:00,2026-08-01 23:45:00+00:00,,
True Pride,2026-08-01,2026-08-01 17:00:00+00:00,2026-08-02 02:00:00+00:00,,
Summer Breakout U18,2026-08-01,2026-08-01 12:00:00+00:00,2026-08-01 17:00:00+00:00,,
Zione - Forest Party,2026-08-01,2026-08-01 17:00:00+00:00,2026-08-01 22:00:00+00:00,,
REM Sessions - 1st August,2026-08-01,2026-08-01 17:00:00+00:00,2026-08-01 23:00:00+00:00,,
Berry Creative Festival,2026-08-01,2026-08-01 12:00:00+00:00,2026-08-01 18:00:00+00:00,,
Campfire Country Club - London Country Music Spring Festival,2026-08-01,2026-08-01 15:00:00+00:00,2026-08-01 21:00:00+00:00,,
Steel City Dancehall Festival 2026,2026-08-01,2026-08-01 15:00:00+00:00,2026-08-01 22:00:00+00:00,,
Totally 90s Festival,2026-08-01,2026-08-01 12:00:00+00:00,2026-08-02 22:30:00+00:00,,
Country Road Festival,2026-08-01,2026-08-01 12:00:00+00:00,2026-08-01 22:30:00+00:00,,
Cambridge Folk Festival,2026-08-01,2026-08-01 11:00:00+00:00,2026-08-02 23:00:00+00:00,,
Becky Hill - Feast Live,2026-08-02,2026-08-02 16:00:00+00:00,2026-08-02 21:30:00+00:00,,
Peggy Gou on the Thames,2026-08-02,2026-08-02 14:00:00+00:00,2026-08-02 23:00:00+00:00,,
"Junction 2: Azyr, I Hate Models, Charlie Sparks",2026-08-02,2026-08-02 14:00:00+00:00,2026-08-02 22:00:00+00:00,,
Shirley Social - Country Special - Sunday 2nd August 2026,2026-08-02,2026-08-02 10:30:00+00:00,2026-08-02 18:00:00+00:00,,
4Play Presents - Garage & Basslines (Summer Day Party),2026-08-02,2026-08-02 15:30:00+00:00,2026-08-02 22:00:00+00:00,,
Look-A-Like: Outdoor Tribute Festival - Nottingham!,2026-08-02,2026-08-02 12:00:00+00:00,2026-08-02 22:00:00+00:00,,
Denim Wear Day & Night Party,2026-08-02,2026-08-02 14:00:00+00:00,2026-08-03 00:00:00+00:00,,
We are bounce festival,2026-08-02,2026-08-02 13:00:00+00:00,2026-08-02 17:00:00+00:00,,
BASHMENT NATION - Jamaican Independence Day Festival,2026-08-02,2026-08-02 16:00:00+00:00,2026-08-02 22:00:00+00:00,,
Jerk Jam Summer Sizzla,2026-08-02,2026-08-02 12:00:00+00:00,2026-08-02 22:30:00+00:00,,
Vodafone at Boardmasters,2026-08-05,2026-08-05 08:00:00+00:00,2026-08-09 23:00:00+00:00,,
Lakefest 2026,2026-08-05,2026-08-05 15:00:00+00:00,2026-08-10 00:00:00+00:00,,
Boardmasters Festival,2026-08-05,2026-08-05 11:00:00+00:00,2026-08-09 23:00:00+00:00,,
Back 2 Festival 2026 - The 10th Birthday,2026-08-06,2026-08-06 12:00:00+00:00,2026-08-09 23:00:00+00:00,,
Chargecandy at Bloodstock Festival,2026-08-06,2026-08-06 08:00:00+00:00,2026-08-09 23:00:00+00:00,,
Back 2 Festival,2026-08-06,2026-08-06 11:00:00+00:00,2026-08-09 23:00:00+00:00,,
Houghton Festival,2026-08-06,2026-08-06 11:00:00+00:00,2026-08-09 23:00:00+00:00,,
Creation Fest,2026-08-06,2026-08-06 11:00:00+00:00,2026-08-09 23:00:00+00:00,,
Firevolt Rock Festival,2026-08-06,2026-08-06 11:00:00+00:00,2026-08-09 23:00:00+00:00,,
Bloodstock Open Air,2026-08-06,2026-08-06 10:00:00+00:00,2026-08-09 23:00:00+00:00,,
Rebellion Punk Music Festival,2026-08-06,2026-08-06 11:00:00+00:00,2026-08-09 23:00:00+00:00,,
Deva Fest,2026-08-06,2026-08-06 11:00:00+00:00,2026-08-09 23:00:00+00:00,,
Diaspora Calling! Festival,2026-08-07,2026-08-07 16:00:00+00:00,2026-08-07 23:00:00+00:00,,
Timescape Festival 2026,2026-08-07,2026-08-07 12:00:00+00:00,2026-08-09 23:00:00+00:00,,
Secret Island Festival,2026-08-07,2026-08-07 19:00:00+00:00,2026-08-09 21:00:00+00:00,,
Symphonica #TheIbizaOrchestra Bexleyheath,2026-08-07,2026-08-07 18:00:00+00:00,2026-08-07 22:00:00+00:00,,
"SOULTASIA  - Outdoor Festival, London 2026",2026-08-07,2026-08-07 16:00:00+00:00,2026-08-07 23:00:00+00:00,,
Bristol International Rare Soul Weekender 2026,2026-08-07,2026-08-07 16:00:00+00:00,2026-08-09 01:00:00+00:00,,
Soultasia Hertfordshire,2026-08-07,2026-08-07 16:00:00+00:00,2026-08-07 22:00:00+00:00,,
Summer Jams 2026,2026-08-07,2026-08-07 16:00:00+00:00,2026-08-07 23:00:00+00:00,,
Foodies Festival 2026 - Edinburgh,2026-08-07,2026-08-07 12:00:00+00:00,2026-08-09 21:00:00+00:00,,
"LoveHerder ""Getting High on Life"" Festival 2026",2026-08-07,2026-08-07 09:00:00+00:00,2026-08-10 16:00:00+00:00,,
Jamaican Independence Weekend - 3 Days of Music & Culture,2026-08-07,2026-08-07 12:00:00+00:00,2026-08-09 23:30:00+00:00,,
Summerstein Fest,2026-08-07,2026-08-07 19:30:00+00:00,2026-08-09 17:00:00+00:00,,
Phases Casa Nueva,2026-08-07,2026-08-07 20:00:00+00:00,2026-08-08 03:00:00+00:00,,
Edinburgh Fringe Festival,2026-08-07,2026-08-07 09:00:00+00:00,2026-08-31 23:45:00+00:00,,
Kozfest 2026,2026-08-07,2026-08-07 12:00:00+00:00,2026-08-09 23:45:00+00:00,,
Farmer Phil's Festival,2026-08-07,2026-08-07 11:00:00+00:00,2026-08-09 23:00:00+00:00,,
No Art Open Air Liverpool - 2026,2026-08-08,2026-08-08 12:00:00+00:00,2026-08-08 23:00:00+00:00,,
Electric Paradise,2026-08-08,2026-08-08 12:00:00+00:00,2026-08-08 22:30:00+00:00,,
The Great Fete,2026-08-08,2026-08-08 12:00:00+00:00,2026-08-09 22:00:00+00:00,,
Garage Nation Outdoor Festival 2026,2026-08-08,2026-08-08 13:00:00+00:00,2026-08-08 22:00:00+00:00,,
"Road to Nashville Outdoor Festival | Tileyard, Wakefield",2026-08-08,2026-08-08 12:00:00+00:00,2026-08-08 22:00:00+00:00,,
Made In 90s Fest 5th Birthday Feat R&B Icons Xscape & Lil' Mo,2026-08-08,2026-08-08 13:00:00+00:00,2026-08-08 22:00:00+00:00,,
Park Rock Bexleyheath 2026,2026-08-08,2026-08-08 12:00:00+00:00,2026-08-08 22:00:00+00:00,,
Hawkwind: Friends and Relations,2026-08-08,2026-08-08 19:00:00+00:00,2026-08-09 23:00:00+00:00,,
The Canwell Show,2026-08-08,2026-08-08 09:00:00+00:00,2026-08-08 20:00:00+00:00,,
"ARTFUL DODGER, K-KLASS & MORE | Love the 90s Fest | Binks Yard",2026-08-08,2026-08-08 14:00:00+00:00,2026-08-08 22:00:00+00:00,,
Hive Family Festival 2026,2026-08-08,2026-08-08 11:45:00+00:00,2026-08-08 21:00:00+00:00,,
Doncaster Pride 2026,2026-08-08,2026-08-08 11:00:00+00:00,2026-08-08 22:00:00+00:00,,
R&B Lovers - Summer Weekender - Freight Island Manchester,2026-08-08,2026-08-08 15:00:00+00:00,2026-08-09 22:00:00+00:00,,
"Road to Nashville Outdoor Festival | Eutopia, Barking",2026-08-08,2026-08-08 14:00:00+00:00,2026-08-08 22:00:00+00:00,,
The Gee Cross Summer Festival,2026-08-08,2026-08-08 12:00:00+00:00,2026-08-09 16:00:00+00:00,,
Fox Fest,2026-08-08,2026-08-08 15:00:00+00:00,2026-08-08 23:00:00+00:00,,
Long Eaton Music Festival,2026-08-08,2026-08-08 11:30:00+00:00,2026-08-08 22:00:00+00:00,,
Back By Dope Demand Festival,2026-08-08,2026-08-08 14:00:00+00:00,2026-08-08 22:00:00+00:00,,
Cookout - Open-Air Summer Festival - Ldn East  - London,2026-08-08,2026-08-08 15:00:00+00:00,2026-08-08 22:00:00+00:00,,
Adriatique present X on the Thames,2026-08-08,2026-08-08 14:00:00+00:00,2026-08-08 23:00:00+00:00,,
RNB MANIA | Bristol's R&B Festival,2026-08-08,2026-08-08 15:00:00+00:00,2026-08-08 21:00:00+00:00,,
Grange-Fest 2026,2026-08-08,2026-08-08 12:30:00+00:00,2026-08-08 23:30:00+00:00,,
Summer 90s Dance Outdoor Daytime Festival Cardiff,2026-08-08,2026-08-08 15:00:00+00:00,2026-08-08 22:00:00+00:00,,
Leicester Food & Music Festival,2026-08-08,2026-08-08 11:00:00+00:00,2026-08-09 22:00:00+00:00,,
Minersfest 90s,2026-08-08,2026-08-08 12:00:00+00:00,2026-08-08 23:00:00+00:00,,
Party In The Park 2026 - Tribute Festival,2026-08-08,2026-08-08 15:00:00+00:00,2026-08-08 23:00:00+00:00,,
Save The Rave: Outdoor 90's Festival - Carlisle!,2026-08-08,2026-08-08 12:00:00+00:00,2026-08-08 21:00:00+00:00,,
Country Club - Country Music Festival - Shrewsbury,2026-08-08,2026-08-08 15:00:00+00:00,2026-08-08 22:00:00+00:00,,
Brookfest 2026,2026-08-08,2026-08-08 13:00:00+00:00,2026-08-08 21:00:00+00:00,,
Reggae at the Billy '26,2026-08-08,2026-08-08 14:00:00+00:00,2026-08-08 21:00:00+00:00,,
Example | Live at Cattows Farm,2026-08-08,2026-08-08 12:00:00+00:00,2026-08-08 23:00:00+00:00,,
Martin Kemp Live DJ set - Back to the 80's - Brighton,2026-08-08,2026-08-08 17:00:00+00:00,2026-08-08 22:00:00+00:00,,
Party At The Palace,2026-08-08,2026-08-08 12:00:00+00:00,2026-08-09 23:00:00+00:00,,
Peacock Freakshow 2,2026-08-08,2026-08-08 14:00:00+00:00,2026-08-08 23:00:00+00:00,,
The Official South West 64th Jamaican Independence Day,2026-08-08,2026-08-08 14:00:00+00:00,2026-08-09 22:00:00+00:00,,
R&B Lovers - Outdoor Festival Junkyard Norwich,2026-08-08,2026-08-08 14:00:00+00:00,2026-08-08 22:00:00+00:00,,
Brynfest 2026,2026-08-08,2026-08-08 13:00:00+00:00,2026-08-08 22:00:00+00:00,,
The Poetic Funk Afterparty,2026-08-08,2026-08-08 21:00:00+00:00,2026-08-09 02:00:00+00:00,,
Summer Shellings,2026-08-08,2026-08-08 14:00:00+00:00,2026-08-09 01:00:00+00:00,,
Day & Night Refugee Fundraiser,2026-08-08,2026-08-08 14:00:00+00:00,2026-08-08 23:45:00+00:00,,
Taste Of Thailand Music And Food Festival,2026-08-08,2026-08-08 10:00:00+00:00,2026-08-09 19:00:00+00:00,,
CH3 Presents : Downtown w/ Ozzie Guven,2026-08-08,2026-08-08 14:00:00+00:00,2026-08-08 22:30:00+00:00,,
Hidden Beach Festival: Day 1,2026-08-08,2026-08-08 12:00:00+00:00,2026-08-08 22:00:00+00:00,,
The George Harrison Project,2026-08-08,2026-08-08 19:30:00+00:00,2026-08-08 22:00:00+00:00,,
Music & Cider Festival,2026-08-08,2026-08-08 13:00:00+00:00,2026-08-08 23:00:00+00:00,,
WV1fest,2026-08-08,2026-08-08 11:00:00+00:00,2026-08-09 23:00:00+00:00,,
New Forest Fairy Festival,2026-08-08,2026-08-08 10:00:00+00:00,2026-08-09 18:00:00+00:00,,
Maiden Voyage,2026-08-08,2026-08-08 12:00:00+00:00,2026-08-08 23:00:00+00:00,,
Sundown Country Festival - Bexleyheath,2026-08-09,2026-08-09 12:00:00+00:00,2026-08-09 20:00:00+00:00,,
Eastern Electrics 2026,2026-08-09,2026-08-09 12:00:00+00:00,2026-08-09 22:00:00+00:00,,
Garage Nation Generations Festival & Music Nation,2026-08-09,2026-08-09 14:00:00+00:00,2026-08-09 22:00:00+00:00,,
Anjunadeep Open Air on the Thames,2026-08-09,2026-08-09 14:00:00+00:00,2026-08-09 23:00:00+00:00,,
London Reggae & Ska Festival - Morden Park,2026-08-09,2026-08-09 14:00:00+00:00,2026-08-09 22:00:00+00:00,,
Outdoor Country Music Festival - Carlisle!,2026-08-09,2026-08-09 12:00:00+00:00,2026-08-09 20:00:00+00:00,,
Flashback Fete,2026-08-09,2026-08-09 15:00:00+00:00,2026-08-09 21:00:00+00:00,,
AWOL @ Music Nation Festival 2026,2026-08-09,2026-08-09 14:00:00+00:00,2026-08-09 22:00:00+00:00,,
Summer 90s & 00s R&B Outdoor Festival - London 2026,2026-08-09,2026-08-09 13:00:00+00:00,2026-08-09 21:00:00+00:00,,
Love Sensation Festival,2026-08-09,2026-08-09 12:00:00+00:00,2026-08-09 21:00:00+00:00,,
Gin & Juice: Old School Hip-Hop Outdoor Summer Festival,2026-08-09,2026-08-09 13:00:00+00:00,2026-08-09 21:00:00+00:00,,
Anjunadeep Open Air on the Thames,2026-08-09,2026-08-09 14:00:00+00:00,2026-08-09 23:00:00+00:00,,
Homegrown Festival,2026-08-11,2026-08-11 11:00:00+00:00,2026-08-11 23:00:00+00:00,,
Chargecandy at Boomtown Fair,2026-08-12,2026-08-12 08:00:00+00:00,2026-08-16 23:00:00+00:00,,
Boomtown,2026-08-12,2026-08-12 11:00:00+00:00,2026-08-16 23:00:00+00:00,,
Borde Hill Summer Series (weekend tickets),2026-08-13,2026-08-13 16:00:00+00:00,2026-08-15 22:30:00+00:00,,
Ranch Jam Festival 2026,2026-08-14,2026-08-14 09:00:00+00:00,2026-08-16 22:00:00+00:00,,
SOULTASIA Reading,2026-08-14,2026-08-14 17:00:00+00:00,2026-08-14 22:30:00+00:00,,
MK Weekender,2026-08-14,2026-08-14 17:00:00+00:00,2026-08-15 23:00:00+00:00,,
LPT SEA Access,2026-08-14,2026-08-14 17:00:00+00:00,2026-08-16 23:00:00+00:00,,
Beach Fest Bournemouth,2026-08-14,2026-08-14 15:00:00+00:00,2026-08-16 19:30:00+00:00,,
Northampton Balloon Festival,2026-08-14,2026-08-14 12:00:00+00:00,2026-08-16 22:30:00+00:00,,
SnugFest 2026 - Fell Foot Wood - Florentenes,2026-08-14,2026-08-14 10:00:00+00:00,2026-08-16 11:00:00+00:00,,
Marsh Tots,2026-08-14,2026-08-14 12:00:00+00:00,2026-08-14 18:00:00+00:00,,
Wild Within Women's Festival,2026-08-14,2026-08-14 12:00:00+00:00,2026-08-16 15:00:00+00:00,,
WREXFEST 2026 - Early Bird Weekend Pass,2026-08-14,2026-08-14 18:00:00+00:00,2026-08-16 03:00:00+00:00,,
Jurassic Fields,2026-08-14,2026-08-14 11:00:00+00:00,2026-08-16 23:00:00+00:00,,
Country Calling,2026-08-14,2026-08-14 11:00:00+00:00,2026-08-16 23:00:00+00:00,,
The Magpies Festival,2026-08-14,2026-08-14 11:00:00+00:00,2026-08-15 23:00:00+00:00,,
Big Weekender,2026-08-14,2026-08-14 09:30:00+00:00,2026-08-16 17:30:00+00:00,,
Vegan Camp Out,2026-08-14,2026-08-14 11:00:00+00:00,2026-08-17 23:00:00+00:00,,
Ministry Of Sound Classical At Castle Howard,2026-08-15,2026-08-15 14:00:00+00:00,2026-08-15 22:30:00+00:00,,
Coloursfest 25th Anniversary 2026,2026-08-15,2026-08-15 12:00:00+00:00,2026-08-16 23:00:00+00:00,,
Norden Cricket Club Festival 2026,2026-08-15,2026-08-15 12:00:00+00:00,2026-08-15 21:30:00+00:00,,
In the Park presents Lewis Capaldi,2026-08-15,2026-08-15 16:00:00+00:00,2026-08-15 22:00:00+00:00,,
RNB MANIA | Sheffield's Outdoor Summer Festival,2026-08-15,2026-08-15 15:00:00+00:00,2026-08-15 23:00:00+00:00,,
Wilmslow,2026-08-15,2026-08-15 11:30:00+00:00,2026-08-15 22:00:00+00:00,,
SKINNY LIVING - Solid Ground Festival,2026-08-15,2026-08-15 13:00:00+00:00,2026-08-15 23:00:00+00:00,,
Déjà vu Garden Party,2026-08-15,2026-08-15 14:00:00+00:00,2026-08-15 23:00:00+00:00,,
Evesham Music Festival 2026,2026-08-15,2026-08-15 12:00:00+00:00,2026-08-15 21:30:00+00:00,,
Electric Dreams - By The Sea 15th AUG - South Queensferry,2026-08-15,2026-08-15 14:00:00+00:00,2026-08-15 22:00:00+00:00,,
Out There .,2026-08-15,2026-08-15 19:30:00+00:00,2026-08-16 02:00:00+00:00,,
BOOZéBRUNCH The Festival Dalkeith Country Park,2026-08-15,2026-08-15 12:00:00+00:00,2026-08-15 18:30:00+00:00,,
Garage Republic Outdoor Festival 2026 | Binks Yard Nottingham,2026-08-15,2026-08-15 14:00:00+00:00,2026-08-15 22:00:00+00:00,,
Cafe Mambo Ibiza Classics In The Park Festival,2026-08-15,2026-08-15 12:00:00+00:00,2026-08-15 22:00:00+00:00,,
Sheffield Festival Of Reggae| Network 2026,2026-08-15,2026-08-15 13:00:00+00:00,2026-08-16 00:00:00+00:00,,
Haze Festival - Sat 15th Aug 2026,2026-08-15,2026-08-15 14:00:00+00:00,2026-08-15 22:00:00+00:00,,
SOLAIRE: Open Air,2026-08-15,2026-08-15 14:00:00+00:00,2026-08-15 21:00:00+00:00,,
Summer 90s Outdoor Festival - Junkyard Norwich,2026-08-15,2026-08-15 15:00:00+00:00,2026-08-15 22:00:00+00:00,,
Magic of Thailand Festival in Brighton,2026-08-15,2026-08-15 10:00:00+00:00,2026-08-16 19:00:00+00:00,,
OVER 30's CLUB - Summer Open Air Festival - Freight Island,2026-08-15,2026-08-15 15:00:00+00:00,2026-08-15 22:00:00+00:00,,
OrchardFest 2026,2026-08-15,2026-08-15 14:00:00+00:00,2026-08-15 22:15:00+00:00,,
R&B Lovers - Saturday 15th August - Mint Warehouse,2026-08-15,2026-08-15 15:00:00+00:00,2026-08-15 22:00:00+00:00,,
Allday Indie Indoor Festival - Leeds,2026-08-15,2026-08-15 17:00:00+00:00,2026-08-15 22:00:00+00:00,,
Her Frequency Rooftop Party,2026-08-15,2026-08-15 14:00:00+00:00,2026-08-15 22:00:00+00:00,,
R&B Lovers - Saturday 15th August - DEPOT Cardiff,2026-08-15,2026-08-15 17:00:00+00:00,2026-08-15 23:00:00+00:00,,
Garden Rave,2026-08-15,2026-08-15 12:00:00+00:00,2026-08-15 23:00:00+00:00,,
Energy 91 Garden Rave 2,2026-08-15,2026-08-15 15:00:00+00:00,2026-08-15 22:00:00+00:00,,
Original Culture Festival 2026,2026-08-15,2026-08-15 14:00:00+00:00,2026-08-15 22:00:00+00:00,,
R&B Lovers - Saturday 15th August - Athena Leicester,2026-08-15,2026-08-15 17:00:00+00:00,2026-08-15 23:00:00+00:00,,
Cowgirl Country - Birmingham - Country Music Dayparty!,2026-08-15,2026-08-15 16:00:00+00:00,2026-08-15 22:00:00+00:00,,
Frogfest Liverpool - 2026,2026-08-15,2026-08-15 14:00:00+00:00,2026-08-16 02:00:00+00:00,,
The CourtYard Fest,2027-08-14,2026-08-15 10:30:00+00:00,2026-08-15 22:30:00+00:00,,
Rock The Marshes,2026-08-15,2026-08-15 12:00:00+00:00,2026-08-16 23:00:00+00:00,,
ProDog Beach Fest 2026,2026-08-15,2026-08-15 09:00:00+00:00,2026-08-16 17:00:00+00:00,,
GWT Night Market,2026-08-15,2026-08-15 17:00:00+00:00,2026-08-15 23:00:00+00:00,,
The Searchers and Hollies Experience,2026-08-15,2026-08-15 19:30:00+00:00,2026-08-15 22:00:00+00:00,,
The Temple Newsam Food Festival 2026: A Summertime Feast,2026-08-15,2026-08-15 10:00:00+00:00,2026-08-16 19:00:00+00:00,,
Michael Bibi extended set on the Thames,2026-08-16,2026-08-16 14:00:00+00:00,2026-08-16 23:00:00+00:00,,
Raver Tots Outdoor Festival Reading,2026-08-16,2026-08-16 13:00:00+00:00,2026-08-16 18:00:00+00:00,,
Raver Tots Outdoor Festival Milton Keynes,2026-08-16,2026-08-16 12:00:00+00:00,2026-08-16 18:00:00+00:00,,
The Garden @SEA,2026-08-16,2026-08-16 12:00:00+00:00,2026-08-16 21:00:00+00:00,,
Soul Life,2026-08-16,2026-08-16 13:00:00+00:00,2026-08-16 21:30:00+00:00,,
original Family Festival 2026,2026-08-16,2026-08-16 11:00:00+00:00,2026-08-16 19:00:00+00:00,,
Sounds of the 60s with The Zoots,2026-08-17,2026-08-17 19:30:00+00:00,2026-08-17 22:00:00+00:00,,
ArcTanGent,2026-08-19,2026-08-19 11:00:00+00:00,2026-08-23 23:00:00+00:00,,
Himley Live 2026: The K-POP Festival Experience,2026-08-20,2026-08-20 16:00:00+00:00,2026-08-20 19:30:00+00:00,,
Rock N Roll Circus Norwich,2026-08-20,2026-08-20 11:00:00+00:00,2026-08-23 23:00:00+00:00,,
110 Above,2026-08-20,2026-08-20 11:00:00+00:00,2026-08-22 23:00:00+00:00,,
Sunrise Film Festival,2026-08-20,2026-08-20 10:00:00+00:00,2026-08-23 23:00:00+00:00,,
Sunrise Film Festival,2026-08-20,2026-08-20 10:00:00+00:00,2026-08-23 23:00:00+00:00,,
Trentham Live,2026-08-20,2026-08-20 11:00:00+00:00,2026-08-23 23:00:00+00:00,,
We Out Here Festival,2026-08-20,2026-08-20 11:00:00+00:00,2026-08-23 23:00:00+00:00,,
Green Man Festival,2026-08-20,2026-08-20 11:00:00+00:00,2026-08-23 23:00:00+00:00,,
A New Day Festival 2026,2026-08-21,2026-08-21 11:30:00+00:00,2026-08-23 23:00:00+00:00,,
"Rob Lamberti presents: George Michael | Keel SQ, Sunderland",2026-08-21,2026-08-21 19:00:00+00:00,2026-08-21 22:30:00+00:00,,
U Fest - Boxpark Wembley - Friday 21st August,2026-08-21,2026-08-21 18:00:00+00:00,2026-08-21 23:00:00+00:00,,
Ibiza Classics Richmond,2026-08-21,2026-08-21 18:00:00+00:00,2026-08-21 22:00:00+00:00,,
Symphonic Ibiza Orchestra Bristol,2026-08-21,2026-08-21 17:00:00+00:00,2026-08-21 22:30:00+00:00,,
The Darley Park Weekender 2026,2026-08-21,2026-08-21 16:00:00+00:00,2026-08-21 23:00:00+00:00,,
Flocksteady Bleats 2026,2026-08-21,2026-08-21 12:00:00+00:00,2026-08-23 22:30:00+00:00,,
Phases Casa Nueva X Bunker,2026-08-21,2026-08-21 20:00:00+00:00,2026-08-22 03:00:00+00:00,,
One Love Festival,2026-08-21,2026-08-21 11:00:00+00:00,2026-08-22 23:00:00+00:00,,
Beautiful Days Festival,2026-08-21,2026-08-21 11:00:00+00:00,2026-08-23 23:00:00+00:00,,
Field Maneuvers,2026-08-21,2026-08-21 11:00:00+00:00,2026-08-23 23:00:00+00:00,,
Tribfest 2026,2026-08-21,2026-08-21 12:00:00+00:00,2026-08-23 23:45:00+00:00,,
Flocksteady Bleats,2026-08-21,2026-08-21 12:00:00+00:00,2026-08-23 22:30:00+00:00,,
3 Wishes Fairy Festival,2026-08-21,2026-08-21 10:00:00+00:00,2026-08-23 23:00:00+00:00,,
FAC51 The Haçienda at Wollaton Hall - Nottingham,2026-08-22,2026-08-22 13:00:00+00:00,2026-08-22 23:00:00+00:00,,
Park Rock Richmond 2026,2026-08-22,2026-08-22 12:00:00+00:00,2026-08-22 22:00:00+00:00,,
Rockore 2026,2026-08-22,2026-08-22 11:00:00+00:00,2026-08-22 22:30:00+00:00,,
"CLAIRE RICHARDS, ETERNAL & MORE| Love the 90s Fest |Keel Square",2026-08-22,2026-08-22 13:00:00+00:00,2026-08-22 22:30:00+00:00,,
Roe Green Cricket Club festival 2026,2026-08-22,2026-08-22 12:00:00+00:00,2026-08-22 21:30:00+00:00,,
Remember Them Dayz Fest - London - Boxpark Wembley,2026-08-22,2026-08-22 18:00:00+00:00,2026-08-22 23:00:00+00:00,,
Himley Live 2026: The Groove Society,2026-08-22,2026-08-22 13:30:00+00:00,2026-08-22 22:00:00+00:00,,
Southbound Fest,2026-08-22,2026-08-22 12:00:00+00:00,2026-08-23 22:00:00+00:00,,
SOULTASIA - Bristol,2026-08-22,2026-08-22 13:00:00+00:00,2026-08-22 22:30:00+00:00,,
Banff Castle Rocks,2026-08-22,2026-08-22 13:00:00+00:00,2026-08-22 23:00:00+00:00,,
Purple Disco Machine,2026-08-22,2026-08-22 14:30:00+00:00,2026-08-22 22:00:00+00:00,,
"Rum & Reggae | Binks Yard, Nottingham",2026-08-22,2026-08-22 14:00:00+00:00,2026-08-22 22:00:00+00:00,,
"NADINE COYLE & MORE | Pop Republic Fest | Freight Island, MCR",2026-08-22,2026-08-22 14:00:00+00:00,2026-08-22 22:00:00+00:00,,
Paisley Music and Arts Street Festival,2026-08-22,2026-08-22 12:00:00+00:00,2026-08-22 21:00:00+00:00,,
Pulloxhill Events 2026 - Ellie Sax Presents Ibiza Anthems Live,2026-08-22,2026-08-22 17:00:00+00:00,2026-08-23 00:00:00+00:00,,
Dubtendo Day Party - London,2026-08-22,2026-08-22 13:00:00+00:00,2026-08-22 21:00:00+00:00,,
Cheshire Fest 2026 | Live at Tatton Park,2026-08-22,2026-08-22 12:00:00+00:00,2026-08-22 23:00:00+00:00,,
Back to the 80's Summer Tribute Festival with Martin Kemp,2026-08-22,2026-08-22 15:00:00+00:00,2026-08-22 22:00:00+00:00,,
Hifields 2026,2026-08-22,2026-08-22 12:00:00+00:00,2026-08-23 00:00:00+00:00,,
NucleusFEST,2026-08-22,2026-08-22 14:00:00+00:00,2026-08-23 20:00:00+00:00,,
Signal Festival 2026,2026-08-22,2026-08-22 12:00:00+00:00,2026-08-23 05:00:00+00:00,,
Boxout Fest 2026 + SPECIAL GUESTS,2026-08-22,2026-08-22 15:00:00+00:00,2026-08-23 23:30:00+00:00,,
Magic of Thailand Festival in Manchester,2026-08-22,2026-08-22 10:00:00+00:00,2026-08-23 19:00:00+00:00,,
The Red Lion Garden Party,2026-08-22,2026-08-22 12:30:00+00:00,2026-08-22 21:00:00+00:00,,
Steel City Dancehall Festival 2026,2026-08-22,2026-08-22 15:00:00+00:00,2026-08-22 22:00:00+00:00,,
4 Corners Day Party,2026-08-22,2026-08-22 14:00:00+00:00,2026-08-22 22:00:00+00:00,,
Donkey fest,2026-08-22,2026-08-22 13:00:00+00:00,2026-08-23 00:00:00+00:00,,
"LOUD and LOADED 2026 - Live Rock, Metal and Beer festival",2026-08-22,2026-08-22 13:00:00+00:00,2026-08-22 23:30:00+00:00,,
R&B Lovers - Saturday 22nd August - Allerton Manor,2026-08-22,2026-08-22 15:00:00+00:00,2026-08-22 22:00:00+00:00,,
Vegan Summer Reggae Jam,2026-08-22,2026-08-22 10:00:00+00:00,2026-08-22 21:00:00+00:00,,
Rulebreakerz & Friendz Fest,2026-08-22,2026-08-22 13:00:00+00:00,2026-08-22 23:00:00+00:00,,
Rhythm & Rays Festival 2026,2026-08-22,2026-08-22 12:00:00+00:00,2026-08-22 23:00:00+00:00,,
Slug Fest 2026,2026-08-22,2026-08-22 15:00:00+00:00,2026-08-23 00:00:00+00:00,,
INJM Fest,2027-08-21,2026-08-22 12:00:00+00:00,2026-08-22 22:00:00+00:00,,
Jls Ticket,2026-08-22,2026-08-22 04:00:00+00:00,2026-08-22 10:00:00+00:00,,
R&B Lovers - Saturday 22nd Aug - Aruba Bournemouth,2026-08-22,2026-08-22 17:00:00+00:00,2026-08-22 22:00:00+00:00,,
RNB MANIA | Sunderland's R&B Festival!,2026-08-22,2026-08-22 13:00:00+00:00,2026-08-22 22:30:00+00:00,,
All Points East,2026-08-22,2026-08-22 11:00:00+00:00,2026-08-30 23:00:00+00:00,,
Hifields Festival,2026-08-22,2026-08-22 11:00:00+00:00,2026-08-22 23:00:00+00:00,,
Rewind Festival South,2026-08-22,2026-08-22 11:00:00+00:00,2026-08-23 23:00:00+00:00,,
"GirlyPop Fest | Keel Square, Sunderland",2026-08-23,2026-08-23 12:00:00+00:00,2026-08-23 16:30:00+00:00,,
Himley Live 2026: Boots & Roots Festival,2026-08-23,2026-08-23 12:00:00+00:00,2026-08-23 21:00:00+00:00,,
Sundown Country Festival - Richmond,2026-08-23,2026-08-23 12:00:00+00:00,2026-08-23 20:00:00+00:00,,
Raver Tots Outdoor Festival Bristol,2026-08-23,2026-08-23 12:00:00+00:00,2026-08-23 18:00:00+00:00,,
Summer Festival in Oving,2026-08-25,2026-08-25 11:00:00+00:00,2026-08-25 15:00:00+00:00,,
Rock en Seine,2026-08-26,2026-08-26 11:00:00+00:00,2026-08-30 23:00:00+00:00,,
Vodafone at Reading Festival,2026-08-27,2026-08-27 08:00:00+00:00,2026-08-30 23:00:00+00:00,,
Glastonferret 2026,2026-08-27,2026-08-27 16:00:00+00:00,2026-08-30 23:45:00+00:00,,
Vodafone at Leeds Festival,2026-08-27,2026-08-27 08:00:00+00:00,2026-08-30 23:00:00+00:00,,
Chargecandy at Creamfields,2026-08-27,2026-08-27 08:00:00+00:00,2026-08-30 23:00:00+00:00,,
Chargecandy at Lost Village,2026-08-27,2026-08-27 08:00:00+00:00,2026-08-30 23:00:00+00:00,,
Hitchin Live at the Priory (weekend tickets),2026-08-27,2026-08-27 16:00:00+00:00,2026-08-30 22:30:00+00:00,,
Robbers Dogs Growler Rally 2026,2026-08-27,2026-08-27 12:00:00+00:00,2026-08-30 00:00:00+00:00,,
Lost Village,2026-08-27,2026-08-27 11:00:00+00:00,2026-08-30 23:00:00+00:00,,
Greenbelt Festival,2026-08-27,2026-08-27 11:00:00+00:00,2026-08-30 23:00:00+00:00,,
Reading Festival,2026-08-27,2026-08-27 11:00:00+00:00,2026-08-30 23:00:00+00:00,,
Leeds Festival,2026-08-27,2026-08-27 11:00:00+00:00,2026-08-30 23:00:00+00:00,,
Shambala Festival,2026-08-27,2026-08-27 11:00:00+00:00,2026-08-30 23:00:00+00:00,,
Sunshine Music Festival,2026-08-27,2026-08-27 11:00:00+00:00,2026-08-30 23:00:00+00:00,,
Tunes in the Park,2026-08-27,2026-08-27 11:00:00+00:00,2026-08-30 23:00:00+00:00,,
The Long Road,2026-08-27,2026-08-27 11:00:00+00:00,2026-08-30 23:00:00+00:00,,
Beermageddon,2026-08-27,2026-08-27 11:00:00+00:00,2026-08-30 23:00:00+00:00,,
Manchester Village Pride 2026,2026-08-28,2026-08-28 12:00:00+00:00,2026-09-01 06:00:00+00:00,,
Goatfest 2026,2026-08-28,2026-08-28 17:00:00+00:00,2026-08-30 23:00:00+00:00,,
"The Bootleg Beatles | Keel Square, Sunderland",2026-08-28,2026-08-28 18:00:00+00:00,2026-08-28 22:30:00+00:00,,
Preston Summerfest 2026,2026-08-28,2026-08-28 14:00:00+00:00,2026-08-31 00:00:00+00:00,,
"Chelmsford Summer Series: Sugababes, Annie Mac, Melanie C (DJ)",2026-08-28,2026-08-28 15:00:00+00:00,2026-08-28 22:00:00+00:00,,
Dubs of Rock 2026,2026-08-28,2026-08-28 09:00:00+00:00,2026-08-30 23:00:00+00:00,,
Weekend in the Woods,2026-08-28,2026-08-28 12:00:00+00:00,2026-08-31 12:00:00+00:00,,
NBG Garden Party (16-18),2026-08-28,2026-08-28 14:00:00+00:00,2026-08-28 22:00:00+00:00,,
Sunset At The Manor | Pink Floyd Mega Laser Show | Kent,2026-08-28,2026-08-28 18:00:00+00:00,2026-08-28 23:00:00+00:00,,
FarmFest 2026,2026-08-28,2026-08-28 17:00:00+00:00,2026-08-31 23:00:00+00:00,,
The Beat Goes On Presents An Acid Barn Dance,2027-05-28,2026-08-28 12:00:00+00:00,2026-08-31 14:00:00+00:00,,
Lost Lake Festival,2026-08-29,2026-08-28 12:00:00+00:00,2026-08-30 00:00:00+00:00,,
T.H.E Truckers Tunes Ltd @ The Truck Show Barnard Castle,2026-08-28,2026-08-28 13:00:00+00:00,2026-08-31 11:30:00+00:00,,
Crownload 2026,2026-08-28,2026-08-28 13:00:00+00:00,2026-08-30 23:45:00+00:00,,
Thunderfest,2026-08-28,2026-08-28 19:30:00+00:00,2026-08-30 23:00:00+00:00,,
Bubz Fest,2026-08-28,2026-08-28 10:00:00+00:00,2026-08-28 23:00:00+00:00,,
Equinox Festival,2026-08-28,2026-08-28 18:00:00+00:00,2026-08-29 03:00:00+00:00,,
BeCider Seaside 22,2026-08-28,2026-08-28 10:00:00+00:00,2026-08-30 23:45:00+00:00,,
Briggzfest 2026,2026-08-28,2026-08-28 12:00:00+00:00,2026-08-30 23:00:00+00:00,,
CarFest 2026,2026-08-28,2026-08-28 10:00:00+00:00,2026-08-30 23:45:00+00:00,,
Maui Waui Festival,2026-08-28,2026-08-28 11:00:00+00:00,2026-08-30 23:00:00+00:00,,
Camper Calling,2026-08-28,2026-08-28 11:00:00+00:00,2026-08-30 23:00:00+00:00,,
Made in Manchester - Stockport,2026-08-28,2026-08-28 11:00:00+00:00,2026-08-31 23:00:00+00:00,,
Victorious Festival,2026-08-28,2026-08-28 11:00:00+00:00,2026-08-30 23:00:00+00:00,,
Carfest,2026-08-28,2026-08-28 11:00:00+00:00,2026-08-30 23:00:00+00:00,,
Krankenhaus Festival,2026-08-28,2026-08-28 11:00:00+00:00,2026-08-30 23:00:00+00:00,,
Shrewsbury Folk Festival,2026-08-28,2026-08-28 11:00:00+00:00,2026-08-31 23:00:00+00:00,,
The Big Feastival,2026-08-28,2026-08-28 11:00:00+00:00,2026-08-30 23:00:00+00:00,,
The Libertines - Hitchin Live at the Priory,2026-08-29,2026-08-29 14:00:00+00:00,2026-08-29 22:30:00+00:00,,
Dreamland Jouvert X,2026-08-29,2026-08-29 12:00:00+00:00,2026-08-29 20:00:00+00:00,,
Chelmsford Summer Series 2026: Mcfly,2026-08-29,2026-08-29 13:00:00+00:00,2026-08-29 22:00:00+00:00,,
Noughty 90's Festival Newcastle 2026,2026-08-29,2026-08-29 12:00:00+00:00,2026-08-29 22:00:00+00:00,,
Blackpool Cricket Club Festival 2026,2026-08-29,2026-08-29 12:00:00+00:00,2026-08-29 21:30:00+00:00,,
"ARMAND VAN HELDEN, SOSA & MORE | Groovebox Keel SQ Summer Fest",2026-08-29,2026-08-29 13:00:00+00:00,2026-08-29 22:30:00+00:00,,
Cheltenham Tribute Festival 2026,2026-08-29,2026-08-29 12:00:00+00:00,2026-08-29 22:00:00+00:00,,
Road to Nashville Outdoor Festival | SteelYard,2026-08-29,2026-08-29 14:00:00+00:00,2026-08-29 23:00:00+00:00,,
Bournefest 2026,2026-08-29,2026-08-29 14:00:00+00:00,2026-08-30 21:30:00+00:00,,
Country Club - Outdoor Country Music Festival - Cardiff,2026-08-29,2026-08-29 15:00:00+00:00,2026-08-29 22:00:00+00:00,,
Nashdown - Country Music Festival,2026-08-29,2026-08-29 13:00:00+00:00,2026-08-29 22:30:00+00:00,,
"DJ SAMMY & MORE | Love the 90s Fest | Winter Garden, Blackpool",2026-08-29,2026-08-29 14:00:00+00:00,2026-08-29 22:30:00+00:00,,
Country Club - Outdoor Country Music Festival - London,2026-08-29,2026-08-29 14:00:00+00:00,2026-08-29 22:00:00+00:00,,
R&B Lovers - Saturday 29th August - Luna Spring,2026-08-29,2026-08-29 15:00:00+00:00,2026-08-30 00:00:00+00:00,,
Madisons 90s Festival,2026-08-29,2026-08-29 12:00:00+00:00,2026-08-29 23:00:00+00:00,,
Summer Outdoor Garage Festival - Wheelers Farm Chelmsford,2026-08-29,2026-08-29 14:00:00+00:00,2026-08-29 22:00:00+00:00,,
Back To The 90s - Summer Outdoor Festival - Manchester,2026-08-29,2026-08-29 15:00:00+00:00,2026-08-29 23:00:00+00:00,,
90's & 00's Nation presents SED Festival,2026-08-29,2026-08-29 14:30:00+00:00,2026-08-29 23:00:00+00:00,,
"Spangled X Rough Tempo -TNA, Nu:Elementz - Azza + Grima, P Money",2026-08-29,2026-08-29 14:00:00+00:00,2026-08-29 22:00:00+00:00,,
Walsall Pride 2026,2026-08-29,2026-08-29 11:00:00+00:00,2026-08-29 18:00:00+00:00,,
PURE R&B - Summer Outdoor Day Party Cardiff - August 29th,2026-08-29,2026-08-29 15:00:00+00:00,2026-08-29 22:30:00+00:00,,
Good Vibes Only. 29th & 30th August 2026.,2026-08-29,2026-08-29 13:00:00+00:00,2026-08-31 00:30:00+00:00,,
Weeley Tribute Festival 2026,2026-08-29,2026-08-29 13:00:00+00:00,2026-08-29 22:00:00+00:00,,
RNB MANIA | Leeds' Outdoor R&B Festival,2026-08-29,2026-08-29 15:00:00+00:00,2026-08-29 21:00:00+00:00,,
Cosmic Vibration Festival III,2026-08-29,2026-08-29 00:00:00+00:00,2026-08-30 23:30:00+00:00,,
R&B Lovers - Summer Outdoor Festival - Sat 29th Aug - Bristol,2026-08-29,2026-08-29 14:00:00+00:00,2026-08-29 22:00:00+00:00,,
Sunset At The Manor | Ibiza Classics BBQ | Kent,2026-08-29,2026-08-29 17:00:00+00:00,2026-08-29 23:00:00+00:00,,
Tik-Tech VIIII,2026-08-29,2026-08-29 15:00:00+00:00,2026-08-30 03:00:00+00:00,,
Live At The Queens Fest,2026-08-29,2026-08-29 00:00:00+00:00,2026-08-30 01:00:00+00:00,,
Rum & Reggae Chester,2026-08-29,2026-08-29 11:00:00+00:00,2026-08-29 21:00:00+00:00,,
Girls Like R&B x Binks Yard Nottingham,2026-08-29,2026-08-29 15:00:00+00:00,2026-08-29 22:00:00+00:00,,
Summer Garage Rooftop Rave - Saturday 29th August - Birmingham,2026-08-29,2026-08-29 15:00:00+00:00,2026-08-29 22:00:00+00:00,,
Crewe Rocks,2026-08-29,2026-08-29 00:00:00+00:00,2026-08-30 01:30:00+00:00,,
R&B Lovers - Summer Festival - Freight Island Newcastle,2026-08-29,2026-08-29 14:00:00+00:00,2026-08-29 23:00:00+00:00,,
Foodies Festival 2026 - Oxford,2026-08-29,2026-08-29 12:00:00+00:00,2026-08-31 21:00:00+00:00,,
Epidemik in the Woods,2026-08-29,2026-08-29 12:00:00+00:00,2026-08-30 03:00:00+00:00,,
HITOP Tv - The Blueprint Rave Festival Experience - DARTFORD,2026-08-29,2026-08-29 15:00:00+00:00,2026-08-30 03:00:00+00:00,,
Forwards - Bristol,2026-08-29,2026-08-29 11:00:00+00:00,2026-08-30 23:00:00+00:00,,
Appetite On The Farm,2026-08-29,2026-08-29 11:00:00+00:00,2026-08-30 23:00:00+00:00,,
Stonedead Festival,2026-08-29,2026-08-29 11:00:00+00:00,2026-08-29 23:00:00+00:00,,
The Searchers and Hollies Experience,2026-08-29,2026-08-29 19:30:00+00:00,2026-08-29 22:00:00+00:00,,
Roseshire Festival,2026-08-29,2026-08-29 11:00:00+00:00,2026-08-30 23:00:00+00:00,,
The Graves Park Food and Drink Festival 2026: A Summertime Feast,2026-08-29,2026-08-29 10:00:00+00:00,2026-08-31 19:00:00+00:00,,
MKF Festival,2026-08-29,2026-08-29 11:00:00+00:00,2026-08-30 23:00:00+00:00,,
Roseshire Festival,2026-08-29,2026-08-29 11:00:00+00:00,2026-08-30 23:00:00+00:00,,
New World 2026 ft. Craig David | Chelmsford Central Park,2026-08-30,2026-08-30 13:00:00+00:00,2026-08-30 22:00:00+00:00,,
Road to Nashville Outdoor Festival | Keel Square,2026-08-30,2026-08-30 12:00:00+00:00,2026-08-30 22:30:00+00:00,,
KOMPND Carnival,2026-08-30,2026-08-30 15:00:00+00:00,2026-08-30 23:00:00+00:00,,
Off Grid Festival: Chapter One,2026-08-30,2026-08-30 12:00:00+00:00,2026-08-30 23:00:00+00:00,,
Allday Indie Outdoor Festival - Manchester,2026-08-30,2026-08-30 15:00:00+00:00,2026-08-30 22:00:00+00:00,,
Party In Acklam Park,2026-08-30,2026-08-30 12:00:00+00:00,2026-08-30 21:30:00+00:00,,
Monton Soul & Pop festival,2026-08-30,2026-08-30 12:00:00+00:00,2026-08-30 21:00:00+00:00,,
"DJ SAMMY & MORE | Love the 90s Fest | Prospect Building, Bristol",2026-08-30,2026-08-30 13:00:00+00:00,2026-08-30 22:00:00+00:00,,
RNB MANIA | Lincoln's R&B Festival,2026-08-30,2026-08-30 15:00:00+00:00,2026-08-30 22:00:00+00:00,,
FAC51 The Haçienda Open Air - Birmingham,2026-08-30,2026-08-30 13:00:00+00:00,2026-08-30 23:00:00+00:00,,
R&B Lovers - Sunday 30th August - Wheelers Farm Chelmsford,2026-08-30,2026-08-30 15:00:00+00:00,2026-08-30 22:00:00+00:00,,
Proper Fest 2026,2026-08-30,2026-08-30 11:00:00+00:00,2026-08-30 22:00:00+00:00,,
RNB MANIA | Derby's R&B Festival,2026-08-30,2026-08-30 16:00:00+00:00,2026-08-30 23:00:00+00:00,,
iFest 2026 - 10 Year Anniversary,2026-08-30,2026-08-30 13:00:00+00:00,2026-08-30 22:00:00+00:00,,
Swingfest 2026,2026-08-30,2026-08-30 15:00:00+00:00,2026-08-31 04:00:00+00:00,,
State of Mind - The Launch,2026-08-30,2026-08-30 14:00:00+00:00,2026-08-31 02:00:00+00:00,,
Ibiza Terrace Party 2026,2026-08-30,2026-08-30 14:00:00+00:00,2026-08-30 22:00:00+00:00,,
Annual Beatles Convention Day 2026,2026-08-30,2026-08-30 11:00:00+00:00,2026-08-30 23:45:00+00:00,,
Mr Shaw Reminisce Bank Holiday August 30th - 2026,2026-08-30,2026-08-30 13:00:00+00:00,2026-08-30 23:45:00+00:00,,
Sunset At The Manor | 80s Greatest Hits BBQ | Kent,2026-08-30,2026-08-30 17:00:00+00:00,2026-08-30 23:00:00+00:00,,
Lazy Sunday Festival,2026-08-30,2026-08-30 12:00:00+00:00,2026-08-31 03:00:00+00:00,,
Party In Y Parc 2026,2026-08-31,2026-08-30 12:00:00+00:00,2026-08-30 22:00:00+00:00,,
LegendsLive Festival 2026,2026-08-30,2026-08-30 12:00:00+00:00,2026-08-30 22:00:00+00:00,,
Darlington Trackfest,2026-08-30,2026-08-30 12:00:00+00:00,2026-08-30 23:00:00+00:00,,
Push The Daytime,2026-08-30,2026-08-30 14:00:00+00:00,2026-08-30 22:00:00+00:00,,
OVER 30's CLUB - Bank Hol Open Air Festival - Luna Springs Bham,2026-08-30,2026-08-30 16:00:00+00:00,2026-08-30 22:00:00+00:00,,
"KEPLER, LUUK VAN DIJK & MORE |MUZAK & Groovebox Mansfield",2026-08-30,2026-08-30 13:00:00+00:00,2026-08-30 23:00:00+00:00,,
Ibiza Radio 1 Ibiza Festival @ Swigg Swansea,2026-08-30,2026-08-30 13:00:00+00:00,2026-08-30 23:45:00+00:00,,
Emerge Music Festival Belfast,2026-08-30,2026-08-30 11:00:00+00:00,2026-08-30 23:00:00+00:00,,
MarkFest VIII,2026-08-30,2026-08-30 16:00:00+00:00,2026-08-30 23:45:00+00:00,,
Party In Y Parc 2026,2026-08-31,2026-08-31 12:00:00+00:00,2026-08-31 23:00:00+00:00,,
"Family Fest ft. K-Pop Live | Keel Square, Sunderland",2026-08-31,2026-08-31 11:00:00+00:00,2026-08-31 20:00:00+00:00,,
Raver Tots Outdoor Festival Southend,2026-08-31,2026-08-31 12:00:00+00:00,2026-08-31 18:00:00+00:00,,
Raver Tots x Garage Nation Festival,2026-08-31,2026-08-31 13:00:00+00:00,2026-08-31 18:00:00+00:00,,
LIDO Festival,2026-08-31,2026-08-31 11:00:00+00:00,2026-08-31 23:00:00+00:00,,
Lindisfarne Festival 2026,2026-09-03,2026-09-03 11:00:00+00:00,2026-09-06 04:00:00+00:00,,
Music Worldwide Drum Camp,2026-09-03,2026-09-03 14:00:00+00:00,2026-09-07 00:00:00+00:00,,
Burn It Down Festival 2026,2026-09-03,2026-09-03 15:00:00+00:00,2026-09-05 23:00:00+00:00,,
Existance Festival,2026-09-03,2026-09-03 14:00:00+00:00,2026-09-06 23:45:00+00:00,,
Lindisfarne Volunteers 2026,2026-09-03,2026-09-03 15:00:00+00:00,2026-09-06 04:00:00+00:00,,
The Searchers and Hollies Experience,2026-09-03,2026-09-03 19:30:00+00:00,2026-09-03 22:00:00+00:00,,
End of the Road Festival,2026-09-03,2026-09-03 11:00:00+00:00,2026-09-06 23:00:00+00:00,,
Big London Tattoo Show,2026-09-04,2026-09-04 17:00:00+00:00,2026-09-06 19:00:00+00:00,,
Fields Of Gold Festival 2026,2026-09-04,2026-09-04 12:00:00+00:00,2026-09-05 22:00:00+00:00,,
CLAIRE RICHARDS & MORE| Love the 90s&00s Fest|Nottingham Castle,2026-09-04,2026-09-04 18:00:00+00:00,2026-09-04 22:00:00+00:00,,
Undercover Festival,2026-09-04,2026-09-04 14:00:00+00:00,2026-09-04 23:00:00+00:00,,
Campfire Country Music Festival,2026-09-04,2026-09-04 15:00:00+00:00,2026-09-04 22:00:00+00:00,,
The British Country Music Festival,2026-09-04,2026-09-04 15:00:00+00:00,2026-09-06 18:00:00+00:00,,
Kernowfornia Festival 2026,2026-09-04,2026-09-04 11:00:00+00:00,2026-09-06 23:00:00+00:00,,
Rock N Roll Circus Festival Sheffield,2026-09-04,2026-09-04 11:00:00+00:00,2026-09-06 23:00:00+00:00,,
Edge Fest,2026-09-04,2026-09-04 11:00:00+00:00,2026-09-06 23:00:00+00:00,,
The British Country Music Festival,2026-09-04,2026-09-04 11:00:00+00:00,2026-09-06 23:00:00+00:00,,
Fantasy Forest Libertalia,2026-09-04,2026-09-04 16:00:00+00:00,2026-09-06 19:00:00+00:00,,
Sound City Festival,2026-09-04,2026-09-04 11:00:00+00:00,2026-09-06 23:00:00+00:00,,
Moseley Folk & Arts Festival,2026-09-04,2026-09-04 11:00:00+00:00,2026-09-06 23:00:00+00:00,,
SOULTOWN - Festival 2026,2026-09-05,2026-09-05 12:00:00+00:00,2026-09-05 23:00:00+00:00,,
Love to be... festival 2026,2026-09-05,2026-09-05 12:00:00+00:00,2026-09-05 23:00:00+00:00,,
Clubland Live On The Beach,2026-09-05,2026-09-05 14:30:00+00:00,2026-09-05 22:30:00+00:00,,
Aden Music Festival 2026,2026-09-05,2026-09-05 11:00:00+00:00,2026-09-05 23:00:00+00:00,,
Opulence,2026-09-05,2026-09-05 13:00:00+00:00,2026-09-05 22:30:00+00:00,,
Westhoughton Cricket Club Festival 2026,2026-09-05,2026-09-05 12:00:00+00:00,2026-09-05 21:30:00+00:00,,
The Bootleg Beatles ft. Live Orchestra | Nottingham Castle,2026-09-05,2026-09-05 18:00:00+00:00,2026-09-05 22:00:00+00:00,,
Live In Inverurie,2026-09-05,2026-09-05 13:00:00+00:00,2026-09-05 23:00:00+00:00,,
FOMO Fest 2026,2026-09-05,2026-09-05 11:00:00+00:00,2026-09-05 22:00:00+00:00,,
"Summer Underground - Breakin Science, Jungle Mania, D&B Classics",2026-09-05,2026-09-05 14:00:00+00:00,2026-09-05 22:00:00+00:00,,
Country Club - Outdoor Country Music Festival - Manchester,2026-09-05,2026-09-05 15:00:00+00:00,2026-09-05 22:00:00+00:00,,
Jazz on Wick 2026,2026-09-05,2026-09-05 12:00:00+00:00,2026-09-05 22:30:00+00:00,,
Country Club - Outdoor Country Music Festival - Nottingham,2026-09-05,2026-09-05 15:00:00+00:00,2026-09-05 22:00:00+00:00,,
House OF Eira - Castle Take-over Part II,2026-09-05,2026-09-05 12:00:00+00:00,2026-09-05 22:00:00+00:00,,
Bootle Country Music Festival,2026-09-05,2026-09-05 14:00:00+00:00,2026-09-05 22:00:00+00:00,,
Garage Nation & House Nation Brick Lane Festival,2026-09-05,2026-09-05 15:00:00+00:00,2026-09-05 23:00:00+00:00,,
Allday Indie - Open Air Outdoor Indie Festival - Cardiff,2026-09-05,2026-09-05 15:00:00+00:00,2026-09-05 22:00:00+00:00,,
Summer Outdoor Garage Festival - Studio 338 London,2026-09-05,2026-09-05 14:00:00+00:00,2026-09-05 22:00:00+00:00,,
U Fest - Birmingham - XOYO - Saturday 5th September,2026-09-05,2026-09-05 17:00:00+00:00,2026-09-05 23:00:00+00:00,,
Casa,2026-09-05,2026-09-05 12:00:00+00:00,2026-09-05 23:00:00+00:00,,
Magic of Thailand Festival in London,2026-09-05,2026-09-05 10:00:00+00:00,2026-09-06 19:00:00+00:00,,
Hella Rock Festival,2026-09-05,2026-09-05 12:00:00+00:00,2026-09-05 23:45:00+00:00,,
R&B Lovers - Saturday 5th September - Horizon Brighton,2026-09-05,2026-09-05 15:00:00+00:00,2026-09-05 21:00:00+00:00,,
MoultStone Festival,2026-09-05,2026-09-05 12:00:00+00:00,2026-09-05 22:30:00+00:00,,
RNB MANIA | Brighton's R&B Festival,2026-11-21,2026-09-05 15:00:00+00:00,2026-09-05 21:00:00+00:00,,
BeatMasters Outdoor Music Festival,2026-09-05,2026-09-05 12:00:00+00:00,2026-09-05 22:00:00+00:00,,
BEDFORD STREET RUM & REGGAE FESTIVAl,2026-09-05,2026-09-05 13:00:00+00:00,2026-09-05 22:30:00+00:00,,
Essential Saturday's,2026-09-05,2026-09-05 14:00:00+00:00,2026-09-05 22:00:00+00:00,,
Street Eat N Beats Festival 2026,2027-09-11,2026-09-05 12:00:00+00:00,2026-09-05 22:30:00+00:00,,
Remember Them Dayz Fest - Birmingham - XOYO,2026-09-05,2026-09-05 18:00:00+00:00,2026-09-05 23:00:00+00:00,,
Traco Charity Beer Festival,2026-09-05,2026-09-05 00:00:00+00:00,2026-09-05 21:00:00+00:00,,
Oracle-Club Vega,2026-09-05,2026-09-05 21:00:00+00:00,2026-09-06 03:00:00+00:00,,
Manchester Psych Festival,2026-09-05,2026-09-05 12:00:00+00:00,2026-09-05 23:30:00+00:00,,
The George Harrison Project,2026-09-05,2026-09-05 19:30:00+00:00,2026-09-05 22:00:00+00:00,,
We Are Family Festival 2026,2026-09-06,2026-09-06 12:00:00+00:00,2026-09-06 20:00:00+00:00,,
Martin Kemp's Back to the 80s DJ Set | Nottingham Castle,2026-09-06,2026-09-06 17:30:00+00:00,2026-09-06 22:00:00+00:00,,
Shirley Social - Sunday 6th September,2026-09-06,2026-09-06 10:00:00+00:00,2026-09-06 18:00:00+00:00,,
We Love it Outdoor Tribute Festival Hull September- 2026,2026-09-06,2026-09-06 12:00:00+00:00,2026-09-06 22:00:00+00:00,,
Willenhall Lock Stock,2026-09-06,2026-09-06 11:00:00+00:00,2026-09-06 21:00:00+00:00,,
Edinburgh Psych Fest,2026-09-06,2026-09-06 11:00:00+00:00,2026-09-06 23:00:00+00:00,,
Mucky Weekender Festival 2026,2026-09-10,2026-09-10 14:00:00+00:00,2026-09-13 02:00:00+00:00,,
Onboard the Craft 2026,2026-09-10,2026-09-10 16:00:00+00:00,2026-09-13 01:00:00+00:00,,
Retrospective Festival 2026,2026-09-11,2026-09-11 17:00:00+00:00,2026-09-11 23:00:00+00:00,,
Campfire Country Music Festival,2026-09-11,2026-09-11 15:00:00+00:00,2026-09-11 22:00:00+00:00,,
Save The Rave X Future Headliners,2026-09-11,2026-09-11 11:00:00+00:00,2026-09-11 22:00:00+00:00,,
BBC Radio 2 in the Park Shuttle Bus,2026-09-11,2026-09-11 10:00:00+00:00,2026-09-13 23:30:00+00:00,,
Kings Langley Beer & Fizz Festival 2026,2026-09-11,2026-09-11 16:00:00+00:00,2026-09-13 19:00:00+00:00,,
The Big Retreat Festival,2026-09-11,2026-09-11 09:00:00+00:00,2026-09-13 23:00:00+00:00,,
FeastyFest 2026,2026-09-12,2026-09-12 11:00:00+00:00,2026-09-13 20:30:00+00:00,,
FLY Festival Edinburgh 2026,2026-09-12,2026-09-12 13:00:00+00:00,2026-09-13 22:00:00+00:00,,
RUN All Day 2026,2026-09-12,2026-09-12 13:00:00+00:00,2026-09-12 22:00:00+00:00,,
Heyside Cricket Club Festival 2026,2026-09-12,2026-09-12 12:00:00+00:00,2026-09-12 21:30:00+00:00,,
Country on the Castle - Tonbridge,2026-09-12,2026-09-12 14:00:00+00:00,2026-09-12 22:00:00+00:00,,
Run Away presents OUT RUN FESTIVAL,2026-09-12,2026-09-12 12:00:00+00:00,2026-09-12 22:30:00+00:00,,
Allday Indie Outdoor Festival - Birmingham,2026-09-12,2026-09-12 15:00:00+00:00,2026-09-12 22:00:00+00:00,,
Betley Boogie Farm 2026!,2026-09-12,2026-09-12 14:00:00+00:00,2026-09-12 22:30:00+00:00,,
"Save The Rave: Old Skool Outdoor Festival, Cornwall 2026",2026-09-12,2026-09-12 12:00:00+00:00,2026-09-12 22:00:00+00:00,,
Isle Of Wight Dance Weekender - Summer Closing Party,2026-09-12,2026-09-12 12:00:00+00:00,2026-09-12 23:45:00+00:00,,
Road to Nashville Indoor Rodeo Show | MECA,2026-09-12,2026-09-12 14:00:00+00:00,2026-09-12 22:00:00+00:00,,
The Garage Garden at Halleys Comet,2026-09-12,2026-09-12 13:00:00+00:00,2026-09-12 23:45:00+00:00,,
Country Club -  Country Music Terrace Party- Bournemouth,2026-09-12,2026-09-12 15:00:00+00:00,2026-09-12 22:00:00+00:00,,
Reminisce Festival 2026,2026-09-12,2026-09-12 12:00:00+00:00,2026-09-12 23:00:00+00:00,,
"RNB MANIA | Birmingham, Under The Arches | R&B Fest",2026-09-12,2026-09-12 15:00:00+00:00,2026-09-12 23:00:00+00:00,,
"Rhinestone Fest: London, September 12th",2026-09-12,2026-09-12 17:00:00+00:00,2026-09-12 23:00:00+00:00,,
Other Worlds Festival,2026-09-12,2026-09-12 15:30:00+00:00,2026-09-12 23:30:00+00:00,,
BeatMasters Outdoor Music Festival,2026-09-12,2026-09-12 12:00:00+00:00,2026-09-12 22:00:00+00:00,,
OVER 30's CLUB - Daytime Open Air Festival - Nottingham,2026-09-12,2026-09-12 15:00:00+00:00,2026-09-12 22:00:00+00:00,,
WildStyle Radio Festival,2026-09-12,2026-09-12 11:00:00+00:00,2026-09-12 23:00:00+00:00,,
Next Wave,2026-09-12,2026-09-12 15:00:00+00:00,2026-09-12 23:00:00+00:00,,
FOMO Multi Genre Music Festival,2026-09-12,2026-09-12 12:00:00+00:00,2026-09-12 23:00:00+00:00,,
Girls Like R&B - Summer Open-Air Festival - Sat 12th September,2026-09-12,2026-09-12 15:00:00+00:00,2026-09-12 22:00:00+00:00,,
Sonic Boom,2026-09-12,2026-09-12 11:00:00+00:00,2026-09-12 23:00:00+00:00,,
Waterworks Festival,2026-09-12,2026-09-12 10:00:00+00:00,2026-09-12 23:00:00+00:00,,
DogFest on the Farm,2026-09-12,2026-09-12 09:30:00+00:00,2026-09-13 16:30:00+00:00,,
Down At The Abbey,2026-09-12,2026-09-12 11:00:00+00:00,2026-09-13 23:00:00+00:00,,
Allo Allo Weekend,2026-09-12,2026-09-12 14:00:00+00:00,2026-09-13 11:00:00+00:00,,
Raver Tots Outdoor Festival Hertfordshire,2026-09-13,2026-09-13 13:00:00+00:00,2026-09-13 18:00:00+00:00,,
We Love it Outdoor Tribute Festival Malmsbury - September 2026,2026-09-13,2026-09-13 12:00:00+00:00,2026-09-13 22:00:00+00:00,,
One More Jam 2026,2026-09-13,2026-09-13 14:00:00+00:00,2026-09-13 22:00:00+00:00,,
Equinox Festival 2026,2026-09-17,2026-09-17 12:00:00+00:00,2026-09-21 23:00:00+00:00,,
Morecambe Poetry Festival 2026 18th to 20th September,2026-09-18,2026-09-18 19:00:00+00:00,2026-09-20 23:00:00+00:00,,
Staithes Country Music Weekender,2026-09-18,2026-09-18 13:00:00+00:00,2026-09-19 23:45:00+00:00,,
Sounds of the 60s,2026-09-18,2026-09-18 19:30:00+00:00,2026-09-18 22:00:00+00:00,,
Bats in the Attic 2026,2026-09-18,2026-09-18 18:30:00+00:00,2026-09-20 02:00:00+00:00,,
Complete Stone Roses Live In The Big Top,2026-09-19,2026-09-19 13:00:00+00:00,2026-09-19 23:00:00+00:00,,
Leigh Cricket club Festival 2026,2026-09-19,2026-09-19 12:00:00+00:00,2026-09-19 21:30:00+00:00,,
The History of Jungle - CARDIFF,2026-09-19,2026-09-19 14:00:00+00:00,2026-09-19 23:00:00+00:00,,
Trancecoda & Groovebox pres. Shine Open Air with Paul van Dyk,2026-09-19,2026-09-19 14:00:00+00:00,2026-09-19 22:00:00+00:00,,
PAUL VAN DYK Open Air | Trancecoda X Groovebox X Shine at Binks,2026-09-19,2026-09-19 14:00:00+00:00,2026-09-19 22:00:00+00:00,,
Send it 100! @ Pitt St. Skatepark,2026-09-19,2026-09-19 11:00:00+00:00,2026-09-20 23:00:00+00:00,,
Colne Cricket Club Music Festival 2026,2026-09-19,2026-09-19 12:00:00+00:00,2026-09-19 20:00:00+00:00,,
RNB MANIA | Hertford's R&B Festival,2026-09-19,2026-09-19 15:00:00+00:00,2026-09-19 23:00:00+00:00,,
Sex Pistols Exposé/ Lizzie & The Banshees/ Clashed/ Damned Ruts,2026-09-19,2026-09-19 17:00:00+00:00,2026-09-20 01:00:00+00:00,,
LEGACY outdoors summer closing party,2026-09-19,2026-09-19 14:00:00+00:00,2026-09-19 23:00:00+00:00,,
Back To The 90s Festival - Saturday 19th Sept - O2 Academy,2026-09-19,2026-09-19 19:00:00+00:00,2026-09-20 00:00:00+00:00,,
Soultrane Festival,2026-09-19,2026-09-19 19:00:00+00:00,2026-09-20 00:00:00+00:00,,
Cookout - Rooftop Festival - Birmingham - XOYO,2026-09-26,2026-09-19 16:00:00+00:00,2026-09-19 22:00:00+00:00,,
Allo Allo Weekend,2026-09-19,2026-09-19 14:00:00+00:00,2026-09-20 11:00:00+00:00,,
Garristonbury 26,2026-09-20,2026-09-20 14:00:00+00:00,2026-09-20 22:30:00+00:00,,
Liverpool Independent Freshers Fair 2026,2026-09-22,2026-09-22 11:00:00+00:00,2026-09-22 17:00:00+00:00,,
Deepdale Festival,2026-09-24,2026-09-24 17:00:00+00:00,2026-09-27 22:30:00+00:00,,
St George's Hall Beer Festival,2026-09-24,2026-09-24 16:00:00+00:00,2026-09-27 18:00:00+00:00,,
Unfussy Festival: Morgan Seatree,2026-09-25,2026-09-25 15:00:00+00:00,2026-09-25 23:00:00+00:00,,
Origins Festival,2026-09-25,2026-09-25 18:00:00+00:00,2026-09-26 23:30:00+00:00,,
Nottingham's Summer Fiesta 2026 | VAMOS X LA BOMBA | Binks Yard,2026-09-25,2026-09-25 16:00:00+00:00,2026-09-25 22:00:00+00:00,,
"Beyond Boundaries w/ Max Dean, Hybrid Minds, MK, Wilkinson +more",2026-09-26,2026-09-26 12:00:00+00:00,2026-09-26 22:00:00+00:00,,
Second Speed Accelerate Festival 2026,2026-09-26,2026-09-26 13:00:00+00:00,2026-09-26 23:00:00+00:00,,
Ramsbottom Cricket Club Festival 2026,2026-09-26,2026-09-26 12:00:00+00:00,2026-09-26 21:30:00+00:00,,
Homobloc 2026,2026-09-26,2026-09-26 17:00:00+00:00,2026-09-27 04:00:00+00:00,,
Road to Nashville Indoor Rodeo Show | LAB11,2026-09-26,2026-09-26 14:00:00+00:00,2026-09-26 22:00:00+00:00,,
MCR ROCKS Family Festival 2026,2026-09-26,2026-09-26 00:00:00+00:00,2026-09-26 22:00:00+00:00,,
"Oktoberfest | SWG3, Glasgow",2026-09-26,2026-09-26 12:00:00+00:00,2026-09-26 22:30:00+00:00,,
Allday Indie Indoor Festival - Margate,2026-09-26,2026-09-26 15:00:00+00:00,2026-09-26 20:00:00+00:00,,
RNB MANIA | Newcastle's R&B Festival,2026-09-26,2026-09-26 15:00:00+00:00,2026-09-26 21:00:00+00:00,,
Cookout - Rooftop Festival - Birmingham - XOYO,2026-09-26,2026-09-26 16:00:00+00:00,2026-09-26 22:00:00+00:00,,
RNB MANIA | Southampton's R&B Festival,2026-09-26,2026-09-26 15:00:00+00:00,2026-09-26 21:00:00+00:00,,
R&B Rooftop Party - Saturday 26th September - Freight Brixton,2026-09-26,2026-09-26 17:00:00+00:00,2026-09-26 23:00:00+00:00,,
Founded On The Beach - Brighton,2026-09-26,2026-09-26 15:00:00+00:00,2026-09-26 22:00:00+00:00,,
Float Along Festival,2026-09-26,2026-09-26 11:00:00+00:00,2026-09-26 23:00:00+00:00,,
The Big One,2026-09-27,2026-09-27 12:00:00+00:00,2026-09-27 22:00:00+00:00,,
Clubland Live Weekender 2026,2026-10-02,2026-10-02 18:00:00+00:00,2026-10-04 00:00:00+00:00,,
Woodland Dance Project - Edinburgh 2026,2026-10-03,2026-10-03 12:00:00+00:00,2026-10-03 23:00:00+00:00,,
"Oktoberfest | LiveHouse, Dundee | SATURDAY",2026-10-03,2026-10-03 12:00:00+00:00,2026-10-03 21:00:00+00:00,,
Country Club - Country Festival - Xoyo - Birmingham,2026-10-03,2026-10-03 17:00:00+00:00,2026-10-03 23:00:00+00:00,,
RAISE YOUR HORN FESTIVAL Saturday 03/10/26,2026-10-03,2026-10-03 15:30:00+00:00,2026-10-03 23:00:00+00:00,,
Cheshire Guitar Show,2026-10-04,2026-10-04 10:00:00+00:00,2026-10-04 15:00:00+00:00,,
Beyond The Music 2026,2026-10-07,2026-10-07 09:00:00+00:00,2026-10-09 23:45:00+00:00,,
The Searchers and Hollies Experience,2026-10-08,2026-10-08 19:30:00+00:00,2026-10-08 22:00:00+00:00,,
Oktoberfest on the Common - Friday 9th Oct 2026,2026-10-09,2026-10-09 17:00:00+00:00,2026-10-09 23:00:00+00:00,,
SOS Weekender 2026,2026-10-09,2026-10-09 15:00:00+00:00,2026-10-11 03:00:00+00:00,,
GLUESNORT: The Friday Night,2026-10-09,2026-10-09 19:30:00+00:00,2026-10-09 23:00:00+00:00,,
The Searchers and Hollies Experience,2026-10-09,2026-10-09 19:30:00+00:00,2026-10-09 22:00:00+00:00,,
Sounds of the 60s with The Zoots,2026-10-09,2026-10-09 19:30:00+00:00,2026-10-09 22:00:00+00:00,,
Oktoberfest on the Common - Evening session - Sat 10th Oct 2026,2026-10-10,2026-10-10 18:00:00+00:00,2026-10-10 23:00:00+00:00,,
Oktoberfest on the Common - Day session - Saturday 10th Oct 2026,2026-10-10,2026-10-10 11:00:00+00:00,2026-10-10 16:00:00+00:00,,
"Oktoberfest | Ultra Warehouse, Derby",2026-10-10,2026-10-10 13:00:00+00:00,2026-10-10 23:00:00+00:00,,
"Girls Night Out | Freight Island, Manchester",2026-10-10,2026-10-10 14:00:00+00:00,2026-10-10 22:00:00+00:00,,
GLUESNORT: The Saturday,2026-10-10,2026-10-10 14:00:00+00:00,2026-10-10 23:00:00+00:00,,
Tigerfest 2026 Saturday/Sunday Combo,2026-10-10,2026-10-10 16:00:00+00:00,2026-10-11 20:00:00+00:00,,
Tigerfest 2026,2026-10-10,2026-10-10 16:00:00+00:00,2026-10-10 23:00:00+00:00,,
The George Harrison Project,2026-10-10,2026-10-10 19:30:00+00:00,2026-10-10 22:00:00+00:00,,
Allday Indie Indoor Festival - Liverpool,2026-10-10,2026-10-10 16:00:00+00:00,2026-10-10 21:00:00+00:00,,
Tigerfest 2026 Sunday Acoustic Wind Down,2026-10-11,2026-10-11 15:30:00+00:00,2026-10-11 20:00:00+00:00,,
Goth City Festival 2026,2026-10-12,2026-10-12 19:30:00+00:00,2026-10-18 02:00:00+00:00,,
The Golden Age of Brazilian Music - Live @The Blakehay Theatre,2026-10-13,2026-10-13 19:30:00+00:00,2026-10-13 21:00:00+00:00,,
The Searchers and Hollies Experience,2026-10-14,2026-10-14 19:30:00+00:00,2026-10-14 22:00:00+00:00,,
The Searchers and Hollies Experience,2026-10-15,2026-10-15 19:30:00+00:00,2026-10-15 22:00:00+00:00,,
Sŵn Festival,2026-10-15,2026-10-15 11:00:00+00:00,2026-10-17 23:00:00+00:00,,
"Oktoberfest | Binks Yard, Nottingham",2026-10-16,2026-10-16 17:30:00+00:00,2026-10-17 22:00:00+00:00,,
"Future Days w/ Working Men's Club, Ulrika Spacek & more",2026-10-16,2026-10-16 19:00:00+00:00,2026-10-16 23:30:00+00:00,,
Oktoberfest on the Common - Friday 16th Oct 2026,2026-10-16,2026-10-16 17:00:00+00:00,2026-10-16 23:00:00+00:00,,
Sounds of the 60s with The Zoots,2026-10-16,2026-10-16 19:30:00+00:00,2026-10-16 22:00:00+00:00,,
Oktoberfest on the Common - Evening session - Sat 17th Oct 2026,2026-10-17,2026-10-17 18:00:00+00:00,2026-10-17 23:00:00+00:00,,
"Future Days w/ Adult DVD, Gans, Pebbledash, Personal Trainer +",2026-10-17,2026-10-17 15:00:00+00:00,2026-10-17 23:30:00+00:00,,
Oktoberfest on the Common - Day session - Saturday 17th Oct 2026,2026-10-17,2026-10-17 11:00:00+00:00,2026-10-17 16:00:00+00:00,,
"Oktoberfest | Boxpark, Liverpool",2026-10-17,2026-10-17 12:00:00+00:00,2026-10-17 22:00:00+00:00,,
Allday Indie Indoor Festival - London,2026-10-17,2026-10-17 17:00:00+00:00,2026-10-17 22:00:00+00:00,,
Sounds of the 60s,2026-10-17,2026-10-17 19:30:00+00:00,2026-10-17 22:00:00+00:00,,
Circu5 at Summer's End Festival,2026-10-18,2026-10-18 12:00:00+00:00,2026-10-18 22:30:00+00:00,,
Oktoberfest on the Common - Friday 23rd Oct 2026,2026-10-23,2026-10-23 17:00:00+00:00,2026-10-23 23:00:00+00:00,,
Rock am River 2026,2026-10-23,2026-10-23 17:15:00+00:00,2026-10-24 22:15:00+00:00,,
Keep it Country Festival 2026 (SOUTH),2026-10-23,2026-10-23 14:00:00+00:00,2026-10-23 23:00:00+00:00,,
Mutations Festival,2026-10-23,2026-10-23 11:00:00+00:00,2026-10-24 23:00:00+00:00,,
Inverness Goes Large!,2026-10-24,2026-10-24 15:00:00+00:00,2026-10-24 23:00:00+00:00,,
Oktoberfest on the Common - Evening session - Sat 24th Oct 2026,2026-10-24,2026-10-24 18:00:00+00:00,2026-10-24 23:00:00+00:00,,
"Oktoberfest | Keele SU, Stoke | SATURDAY",2026-10-24,2026-10-24 15:00:00+00:00,2026-10-25 00:30:00+00:00,,
Keep it Country Festival 2026 (MIDLANDS),2026-10-24,2026-10-24 14:00:00+00:00,2026-10-24 23:00:00+00:00,,
Oktoberfest on the Common - Day session - Saturday 24th Oct 2026,2026-10-24,2026-10-24 11:00:00+00:00,2026-10-24 16:00:00+00:00,,
Margate Rock Festival,2026-10-24,2026-10-24 11:00:00+00:00,2026-10-24 23:00:00+00:00,,
Sounds of the 70s,2026-10-29,2026-10-29 20:00:00+00:00,2026-10-29 22:00:00+00:00,,
Second Speed Accelerate: VIEZE ASBAK  (ALL DAY LONG),2026-10-30,2026-10-30 16:30:00+00:00,2026-10-30 23:00:00+00:00,,
Revenant IV - Whitby Goth Weekend (WGW) - Autumn,2026-10-30,2026-10-30 18:00:00+00:00,2026-11-01 23:45:00+00:00,,
FearFest 2026,2026-10-30,2026-10-30 17:00:00+00:00,2026-10-31 02:00:00+00:00,,
Tomorrow's Ghosts Festival,2026-10-30,2026-10-30 11:00:00+00:00,2026-10-31 23:00:00+00:00,,
Run Away Halloween 2026 - Chelmsford Racecourse Essex,2026-10-31,2026-10-31 12:00:00+00:00,2026-10-31 22:30:00+00:00,,
Ben Hemsley & Ewan McVicar Halloween Day -  Newcastle,2026-10-31,2026-10-31 13:30:00+00:00,2026-10-31 23:00:00+00:00,,
Sidewinder Halloween Festival 2026,2026-10-31,2026-10-31 16:00:00+00:00,2026-11-01 04:00:00+00:00,,
Zombie Fest 9 - East Anglia's Biggest Indoor Halloween Festival,2026-10-31,2026-10-31 15:00:00+00:00,2026-10-31 23:00:00+00:00,,
Sex Pistols Exposé/Lizzie & The Banshees/Clashed/We'll be Damned,2026-10-31,2026-10-31 17:00:00+00:00,2026-10-31 23:45:00+00:00,,
Deaf Rave Festival 2026 - Daytime,2026-10-31,2026-10-31 11:00:00+00:00,2026-10-31 17:00:00+00:00,,
ScareFest 2026,2026-10-31,2026-10-31 16:00:00+00:00,2026-10-31 22:00:00+00:00,,
Rabidfest,2026-10-31,2026-10-31 11:00:00+00:00,2026-11-01 23:00:00+00:00,,
Pitchfork Music Festival London,2026-11-02,2026-11-02 11:00:00+00:00,2026-11-08 23:00:00+00:00,,
Hard Rock Hell,2026-11-04,2026-11-04 11:00:00+00:00,2026-11-08 23:00:00+00:00,,
We Call it Dance Weekender,2026-11-06,2026-11-06 14:00:00+00:00,2026-11-09 10:00:00+00:00,,
"Whitby Blues, Rhythm & Rock Festival",2026-11-06,2026-11-06 11:00:00+00:00,2026-11-08 23:00:00+00:00,,
All Back To Minehead,2026-11-06,2026-11-06 11:00:00+00:00,2026-11-09 23:00:00+00:00,,
Damnation 2026,2026-11-07,2026-11-07 11:00:00+00:00,2026-11-08 23:45:00+00:00,,
Exchange Takeover,2026-11-07,2026-11-07 12:30:00+00:00,2026-11-07 22:00:00+00:00,,
Reading Rising 2026,2026-11-07,2026-11-07 12:00:00+00:00,2026-11-08 23:00:00+00:00,,
Shiiine On Weekender - Minehead,2026-11-13,2026-11-13 11:00:00+00:00,2026-11-15 23:00:00+00:00,,
EFG London Jazz Festival,2026-11-18,2026-11-18 11:00:00+00:00,2026-11-22 23:00:00+00:00,,
Loud & Clear,2026-11-21,2026-11-21 15:00:00+00:00,2026-11-21 23:00:00+00:00,,
RNB MANIA | Brighton's R&B Festival,2026-11-21,2026-11-21 15:00:00+00:00,2026-11-21 21:00:00+00:00,,
Lincs Fest,2026-11-27,2026-11-27 12:00:00+00:00,2026-11-27 23:00:00+00:00,,
Novacaine Festival 2026,2026-11-28,2026-11-28 13:00:00+00:00,2026-11-28 23:00:00+00:00,,
The George Harrison Project,2026-11-28,2026-11-28 19:30:00+00:00,2026-11-28 22:00:00+00:00,,
The George Harrison Project,2026-11-29,2026-11-29 18:00:00+00:00,2026-11-29 20:30:00+00:00,,
Strictly Bangerz Indoor Winter Festival,2026-12-04,2026-12-04 21:00:00+00:00,2026-12-05 03:00:00+00:00,,
Sounds of the 70s,2026-12-04,2026-12-04 19:30:00+00:00,2026-12-04 22:00:00+00:00,,
Bloodstock Winter Gathering,2026-12-05,2026-12-05 11:00:00+00:00,2026-12-05 23:00:00+00:00,,
The Ho Ho Hoedown 2026 - Country Christmas Festival,2026-12-11,2026-12-11 14:45:00+00:00,2026-12-13 04:00:00+00:00,,
"VIOLENT NIGHT - The Bread Shed, Manchester",2026-12-12,2026-12-12 12:00:00+00:00,2026-12-13 22:30:00+00:00,,
Christmas Brunch Festival,2026-12-12,2026-12-12 11:30:00+00:00,2026-12-12 15:00:00+00:00,,
The George Harrison Project,2026-12-12,2026-12-12 19:30:00+00:00,2026-12-12 22:00:00+00:00,,
The Christmas Tree Murder Mystery,2026-12-13,2026-12-13 19:00:00+00:00,2026-12-13 22:30:00+00:00,,
Moon Festival 2026 [New Year's Eve],2026-12-31,2026-12-31 18:00:00+00:00,2027-01-01 03:00:00+00:00,,
The George Harrison Project,2027-01-16,2027-01-16 19:30:00+00:00,2027-01-16 22:00:00+00:00,,
The George Harrison Project,2027-01-22,2027-01-22 19:30:00+00:00,2027-01-22 22:00:00+00:00,,
OUTLOUD! Festival - Manchester,2027-01-23,2027-01-23 14:30:00+00:00,2027-01-23 22:00:00+00:00,,
Rock the Gardens,2027-01-29,2027-01-29 11:00:00+00:00,2027-01-30 23:00:00+00:00,,
The George Harrison Project,2027-01-30,2027-01-30 19:30:00+00:00,2027-01-30 22:00:00+00:00,,
Sounds of the 60s,2027-02-12,2027-02-12 19:30:00+00:00,2027-02-12 22:00:00+00:00,,
60's & 70's Music Weekender,2027-03-05,2027-03-05 18:30:00+00:00,2027-03-07 23:00:00+00:00,,
Southport Weekender,2027-03-05,2027-03-05 11:00:00+00:00,2027-03-07 23:00:00+00:00,,
Hospitality Weekender 2027,2027-03-12,2027-03-12 14:00:00+00:00,2027-03-15 10:00:00+00:00,,
Country to Country - Manchester,2027-03-12,2027-03-12 11:00:00+00:00,2027-03-14 23:00:00+00:00,,
Country to Country - Glasgow,2027-03-12,2027-03-12 11:00:00+00:00,2027-03-14 23:00:00+00:00,,
Country to Country - London,2027-03-12,2027-03-12 11:00:00+00:00,2027-03-14 23:00:00+00:00,,
Manchester Punk Festival,2027-03-26,2027-03-26 11:00:00+00:00,2027-03-28 23:00:00+00:00,,
Stockton Callilng,2027-03-27,2027-03-27 11:00:00+00:00,2027-03-27 23:00:00+00:00,,
Scarborough Punk Festival,2027-04-03,2027-04-03 11:00:00+00:00,2027-04-04 23:00:00+00:00,,
This Feeling By The Sea,2027-04-09,2027-04-09 15:00:00+00:00,2027-04-10 23:00:00+00:00,,
Jack up the 60s,2027-04-17,2027-04-17 19:30:00+00:00,2027-04-17 22:00:00+00:00,,
Bonfest 2027,2027-04-30,2027-04-30 11:00:00+00:00,2027-05-02 23:00:00+00:00,,
Live in Loch Goil 2027,2027-04-30,2027-04-30 17:00:00+00:00,2027-05-02 22:30:00+00:00,,
Blackpool Young Farmers DIY AGM 2027,2027-04-30,2027-04-30 12:00:00+00:00,2027-05-02 22:00:00+00:00,,
Shuffley Daze Music Festival,2027-04-30,2027-04-30 11:00:00+00:00,2027-05-03 13:00:00+00:00,,
Teddy Rocks Festival,2027-04-30,2027-04-30 11:00:00+00:00,2027-05-02 23:00:00+00:00,,
Mint Festival 2027,2027-05-01,2027-05-01 10:00:00+00:00,2027-05-02 22:00:00+00:00,,
Manchester Forever,2027-05-01,2027-05-01 14:00:00+00:00,2027-05-01 23:45:00+00:00,,
BACK IN TIME Festival 2027,2027-05-01,2027-05-01 12:00:00+00:00,2027-05-01 22:00:00+00:00,,
Brixton Disco Festival 2027,2027-05-01,2027-05-01 14:00:00+00:00,2027-05-02 02:00:00+00:00,,
Pavilion Festival 2027,2027-05-01,2027-05-01 12:00:00+00:00,2027-05-01 22:30:00+00:00,,
Wanderlust Festival Southhampton,2027-05-01,2027-05-01 11:00:00+00:00,2027-05-02 23:00:00+00:00,,
Pavilion Festival 2027,2027-05-02,2027-05-02 12:00:00+00:00,2027-05-02 22:30:00+00:00,,
Groovebox In The Park 2027,2027-05-02,2027-05-02 13:00:00+00:00,2027-05-02 23:00:00+00:00,,
The Great Escape,2027-05-12,2027-05-12 11:00:00+00:00,2027-05-15 23:00:00+00:00,,
One Drop Reggae & Ska Festival,2027-05-21,2027-05-21 16:00:00+00:00,2027-05-22 23:00:00+00:00,,
Manchester Jazz Festival,2027-05-21,2027-05-21 11:00:00+00:00,2027-05-30 23:00:00+00:00,,
Cafe Mambo Ibiza Classics at Coombe Abbey 2027,2027-05-22,2027-05-22 13:00:00+00:00,2027-05-22 23:00:00+00:00,,
Bearded Theory,2027-05-26,2027-05-26 11:00:00+00:00,2027-05-30 23:00:00+00:00,,
Buckle & Boots Country Festival,2027-05-27,2027-05-27 11:00:00+00:00,2027-05-30 23:00:00+00:00,,
Hay Festival,2027-05-27,2027-05-27 11:00:00+00:00,2027-06-06 23:00:00+00:00,,
Ascendancy Festival,2027-05-27,2027-05-27 11:00:00+00:00,2027-05-31 23:00:00+00:00,,
Buckle & Boots Country Festival,2027-05-27,2027-05-27 11:00:00+00:00,2027-05-30 23:00:00+00:00,,
Call Of The Wild Festival,2027-05-27,2027-05-27 11:00:00+00:00,2027-05-30 23:00:00+00:00,,
In It Together 2027,2027-05-28,2027-05-28 12:00:00+00:00,2027-05-30 23:45:00+00:00,,
Coalesce Festival 2027,2027-05-28,2027-05-28 13:00:00+00:00,2027-05-31 02:00:00+00:00,,
The Beat Goes On.... 2027,2027-05-28,2027-05-28 12:00:00+00:00,2027-05-31 12:00:00+00:00,,
TN90's Festival Tonbridge 2027,2027-05-28,2027-05-28 16:00:00+00:00,2027-05-31 19:00:00+00:00,,
Country In The Country 2027 - ELY,2027-05-28,2027-05-28 17:00:00+00:00,2027-05-28 23:00:00+00:00,,
Little Fields Festival: 2027,2027-05-28,2027-05-28 08:30:00+00:00,2027-05-31 03:00:00+00:00,,
Meadow Fest,2027-05-28,2027-05-28 14:30:00+00:00,2027-05-30 23:00:00+00:00,,
The Big Retreat Festival,2027-05-28,2027-05-28 11:00:00+00:00,2027-05-31 23:00:00+00:00,,
Shindig Festival,2027-05-28,2027-05-28 11:00:00+00:00,2027-05-30 23:00:00+00:00,,
Bournemouth7s Festival,2027-05-28,2027-05-28 11:00:00+00:00,2027-05-30 23:00:00+00:00,,
Meadow Fest,2027-05-28,2027-05-28 11:00:00+00:00,2027-05-30 23:00:00+00:00,,
Run Away Festival 2027 - Bank Hol Sat 29 & Sun 30 May - Essex,2027-05-29,2027-05-29 12:00:00+00:00,2027-05-30 22:30:00+00:00,,
The Gathering 2027,2027-05-29,2027-05-29 11:30:00+00:00,2027-05-29 22:30:00+00:00,,
The Invasion: 5.0 - A New Dawn,2027-05-29,2027-05-29 13:00:00+00:00,2027-05-29 23:00:00+00:00,,
The Essex Ska & Reggae Festival 2027,2027-05-29,2027-05-29 14:00:00+00:00,2027-05-29 23:30:00+00:00,,
Vernon Carus Britpop Weekender 2027,2027-05-29,2027-05-29 17:00:00+00:00,2027-05-30 23:00:00+00:00,,
Field Day,2027-05-29,2027-05-29 11:00:00+00:00,2027-05-29 23:00:00+00:00,,
Benisoul  Blackpool  Comedy Carpet 2027,2027-05-29,2027-05-29 12:00:00+00:00,2027-05-30 18:00:00+00:00,,
Dot To Dot Festival,2027-05-29,2027-05-29 11:00:00+00:00,2027-05-30 23:00:00+00:00,,
Godskitchen XXX : Birmingham,2027-05-30,2027-05-30 14:00:00+00:00,2027-05-31 04:00:00+00:00,,
Groove is in the Park 2027,2027-05-30,2027-05-30 14:00:00+00:00,2027-05-30 22:30:00+00:00,,
Land Beyond Festival 2027,2027-05-30,2027-05-30 12:00:00+00:00,2027-05-30 22:00:00+00:00,,
Ely Fest - Family Festival 2027,2027-05-30,2027-05-30 12:00:00+00:00,2027-05-30 18:00:00+00:00,,
Country Club - Outdoor Country Music Festival 2027 - Chelmsford,2027-05-30,2027-05-30 14:00:00+00:00,2027-05-30 22:00:00+00:00,,
"Love the 90s Festival 2027|Elvaston Castle, Derby",2027-05-30,2027-05-30 13:00:00+00:00,2027-05-30 23:00:00+00:00,,
City Splash 2027,2027-05-31,2027-05-31 12:00:00+00:00,2027-05-31 22:00:00+00:00,,
Wychwood Festival,2027-06-04,2027-06-04 11:00:00+00:00,2027-06-06 23:00:00+00:00,,
Glorious Day Festival 2027,2027-06-05,2027-06-05 13:00:00+00:00,2027-06-05 22:30:00+00:00,,
Terminal V Festival 2027,2027-06-05,2027-06-05 12:00:00+00:00,2027-06-06 22:30:00+00:00,,
LOADED : Music Festival,2027-06-05,2027-06-05 12:00:00+00:00,2027-06-05 22:00:00+00:00,,
Stories In The Park 2027,2027-06-05,2027-06-05 12:00:00+00:00,2027-06-05 22:30:00+00:00,,
Road to Nashville Outdoor Festival 2027 | Elvaston Castle,2027-06-05,2027-06-05 13:00:00+00:00,2027-06-05 23:00:00+00:00,,
Download Festival,2027-06-09,2027-06-09 11:00:00+00:00,2027-06-13 23:00:00+00:00,,
WMF 2027 - Our 21st Birthday,2027-06-11,2027-06-11 17:00:00+00:00,2027-06-12 23:00:00+00:00,,
Goodlife Festival 2027,2027-06-12,2027-06-12 12:00:00+00:00,2027-06-12 23:00:00+00:00,,
Summer Fest at the Beach 2027,2027-06-12,2027-06-12 11:00:00+00:00,2027-06-13 22:00:00+00:00,,
Makemake Brewing Co. Presents: Far Out Festival,2027-06-12,2027-06-12 12:00:00+00:00,2027-06-12 23:00:00+00:00,,
Earlham Park Tribute Festival 2027,2027-06-12,2027-06-12 12:00:00+00:00,2027-06-12 23:00:00+00:00,,
Chesterfield Pride 2027,2027-06-12,2027-06-12 13:00:00+00:00,2027-06-12 20:00:00+00:00,,
"Rum & Reggae Fest 2027| Elvaston Castle, Derby",2027-06-12,2027-06-12 13:00:00+00:00,2027-06-12 23:00:00+00:00,,
GemFest 2027,2027-06-17,2027-06-17 12:00:00+00:00,2027-06-21 00:00:00+00:00,,
Loverocks Classic Rock and Blues Festival X,2027-06-17,2027-06-17 17:00:00+00:00,2027-06-19 23:30:00+00:00,,
Towerfest Country Music Festival,2027-06-17,2027-06-17 11:00:00+00:00,2027-06-20 23:00:00+00:00,,
Isle of Wight Festival,2027-06-17,2027-06-17 11:00:00+00:00,2027-06-20 23:00:00+00:00,,
Silverburn Festival 2027,2027-06-18,2027-06-18 17:00:00+00:00,2027-06-19 23:00:00+00:00,,
Daresbury Festival 2027,2027-06-19,2027-06-19 12:00:00+00:00,2027-06-19 23:00:00+00:00,,
Killin Music Festival,2027-06-19,2027-06-19 11:00:00+00:00,2027-06-20 23:00:00+00:00,,
Leyland Festival,2027-06-19,2027-06-19 11:00:00+00:00,2027-06-19 23:00:00+00:00,,
Glastonbury,2027-06-23,2027-06-23 11:00:00+00:00,2027-06-27 23:00:00+00:00,,
Liverpool Soul Weekender 2027,2027-06-24,2027-06-24 18:00:00+00:00,2027-06-28 01:00:00+00:00,,
Symphonic Ibiza - KNOWLE - Friday 25th June 2027,2027-06-25,2027-06-25 17:30:00+00:00,2027-06-25 22:30:00+00:00,,
Heartland Festival,2027-06-25,2027-06-25 11:00:00+00:00,2027-06-27 23:00:00+00:00,,
Granite City Festival 2027,2027-06-26,2027-06-26 12:00:00+00:00,2027-06-26 23:00:00+00:00,,
Restricted Forest 2027,2027-06-26,2027-06-26 13:00:00+00:00,2027-06-26 23:00:00+00:00,,
Knowle Party In The Park 2027,2027-06-26,2027-06-26 11:00:00+00:00,2027-06-26 22:30:00+00:00,,
Chichester's Biggest Ever Summer House Music Festival,2027-06-26,2027-06-26 14:00:00+00:00,2027-06-26 22:00:00+00:00,,
Lytham Festival,2027-06-30,2027-06-30 11:00:00+00:00,2027-07-04 23:00:00+00:00,,
ECLIPSE - Windsor Racecourse,2027-07-02,2027-07-02 16:00:00+00:00,2027-07-02 22:30:00+00:00,,
Love Supreme Jazz Festival,2027-07-02,2027-07-02 11:00:00+00:00,2027-07-04 23:00:00+00:00,,
doof in the Park 2027,2027-07-03,2027-07-03 13:00:00+00:00,2027-07-03 23:00:00+00:00,,
Morley Music Festival 2027,2027-07-03,2027-07-03 12:00:00+00:00,2027-07-03 21:30:00+00:00,,
Celestry 2027,2027-07-03,2027-07-03 13:00:00+00:00,2027-07-03 22:30:00+00:00,,
Open Arms Fest 2027,2027-07-09,2027-07-09 12:00:00+00:00,2027-07-11 12:00:00+00:00,,
Livefields Festival 2027,2027-07-10,2027-07-10 12:00:00+00:00,2027-07-10 23:00:00+00:00,,
Boogietown 2027,2027-07-10,2027-07-10 12:00:00+00:00,2027-07-10 22:30:00+00:00,,
Hartbeat Music Festival VIP Area,2027-07-10,2027-07-10 12:00:00+00:00,2027-07-10 21:00:00+00:00,,
Electric Heart Surrey 2027,2027-07-11,2027-07-11 14:00:00+00:00,2027-07-11 22:30:00+00:00,,
The Brit Fest 2027,2027-07-15,2027-07-15 18:00:00+00:00,2027-07-18 23:00:00+00:00,,
Show Of Hands,2027-07-16,2027-07-16 08:00:00+00:00,2027-07-19 04:00:00+00:00,,
Nat20:27,2027-07-23,2027-07-23 12:00:00+00:00,2027-07-26 13:00:00+00:00,,
The CourtYard Fest,2027-08-14,2027-08-14 10:30:00+00:00,2027-08-14 22:30:00+00:00,,
INJM Fest,2027-08-21,2027-08-21 12:00:00+00:00,2027-08-21 22:00:00+00:00,,
Street Eat N Beats Festival 2027,2027-09-11,2027-09-11 12:00:00+00:00,2027-09-11 22:30:00+00:00,,
Sounds of the 60s,2027-09-11,2027-09-11 19:30:00+00:00,2027-09-11 22:00:00+00:00,,
Sounds of the 60s,2027-09-17,2027-09-17 19:30:00+00:00,2027-09-17 22:00:00+00:00,,
Sounds of the 60s,2027-10-17,2027-10-17 19:30:00+00:00,2027-10-17 22:00:00+00:00,,
Strange Day + Strange Manchester after party,2027-11-27,2027-11-27 17:00:00+00:00,2027-11-28 02:00:00+00:00,,
